whaleSharkID,LLM-Gen Name (gemma:2b local),LLM-Gen Name (openai API),Total Occurrences,sex,lifeStage (year),country (year),stateProvince - verbatimLocality (month year),occurrenceRemarks (eventDate)
A69-9002-11972,The Wanderer,Aussie Roary,4,Male,"Unknown (2015), Unknown (2016)","Australia (2015), Australia (2016)",Unknown,Release of animal (2015-06-01)
Patricia,Ocean Wanderer: Flotilla,"Whalesharkid: Patricia, the Curious Voyager",4,Unknown,Unknown (2016),Ecuador (2016),Unknown,Unknown
161737,Whalelicious,AussieDaisyShark,4,Female,"Juvenile (2016), Unknown (year Unknown)","Australia (2016), Australia (year Unknown)",Unknown,"Telemetry locations aggregated per species per 1-degree cell (2016-06-01), Telemetry locations aggregated per species per 1-degree cell (2016-06-08), Telemetry locations aggregated per species per 1-degree cell (2016-06-09), Telemetry locations aggregated per species per 1-degree cell (2016-06-14)"
50836a,Whale's Whisper,Nomegaloo the Wanderer,4,Unknown,"Adult (year Unknown), Unknown (year Unknown)",Mexico (year Unknown),Unknown,"Telemetry locations aggregated per species per 1-degree cell (2010-07-23), Telemetry locations aggregated per species per 1-degree cell (2010-08-17), Telemetry locations aggregated per species per 1-degree cell (2010-08-21), Telemetry locations aggregated per species per 1-degree cell (2010-09-19)"
161729,Whalelicious,Name: Wobbly Wavetide,4,Unknown,Unknown (year Unknown),Australia (year Unknown),Unknown,"Telemetry locations aggregated per species per 1-degree cell (2016-06-01), Telemetry locations aggregated per species per 1-degree cell (2016-06-03), Telemetry locations aggregated per species per 1-degree cell (2016-06-07)"
139123,Whalelicious:,BajaBliss,4,Unknown,Unknown (2014),Ecuador (2014),Unknown,Unknown
139119,Whalelicious:,Splashy McGlimmerdue,4,Unknown,Unknown (2014),"Ecuador (2014), Peru (2014)",Unknown,Unknown
132071,Whale-Whisperer,BajaBlitz,4,Unknown,Unknown (2015),Ecuador (2015),Unknown,Unknown
A69-1602-1571,Whalelicious,Aussie Voyager,5,Male,"Unknown (2017), Unknown (2018)","Australia (2017), Australia (2018)",Unknown,Release of animal (2017-07-14)
2020_WS33,Whalesharkid: 2020_WS33,Whalesharkid: 2020_WS33 - The Aussie Mystique,5,Male,Unknown (2020),Australia (2020),Unknown,Unknown
143674,Whalefjord:,Name: Reef Raptor,5,Male,Juvenile (2015),Australia (2015),Unknown,"Telemetry locations aggregated per species per 1-degree cell (2015-07-01), Telemetry locations aggregated per species per 1-degree cell (2015-07-03), Telemetry locations aggregated per species per 1-degree cell (2015-07-09), Telemetry locations aggregated per species per 1-degree cell (2015-07-17)"
2022_WS157,Whaleshark:,Whalesharkid: 2022_WS157 - The Aussie Wonderfin,5,Male,Unknown (2022),Australia (2022),Unknown,Unknown
2020_WS24,Splash,Whalesharkid: 2020_WS24 - GlimmerDusk,5,Female,Unknown (2020),Australia (2020),Unknown,Unknown
2022_WS36,Whalelicious:,Whalesharkid: 2022_WS36 - The Aussie Mystique,5,Male,Unknown (2022),Australia (2022),Unknown,Unknown
2021_WS121,:Whalelicious,Whalesharkid: 2021_WS121 - GlimmerDusk,5,Female,Unknown (2021),Australia (2021),Unknown,Unknown
2021_WS70,Splashin' Sammy,Whalesharkid: 2021_WS70 - The Aussie Mystique,5,Male,Unknown (2021),Australia (2021),Unknown,Unknown
108103,Whale-licious,BajaBliss,5,Unknown,Unknown (2015),Ecuador (2015),Unknown,Unknown
Belen,:Whalelicious,Ecuadorino Splash,5,Unknown,Unknown (2015),Ecuador (2015),Unknown,Unknown
101368a,Whaleheart,Name: Sirena Solara,5,Female,"Adult (2010), Adult (2011), Adult (year Unknown), Unknown (year Unknown)","Honduras (2010), Honduras (2011), Honduras (year Unknown), Mexico (year Unknown)",Unknown,"Telemetry locations aggregated per species per 1-degree cell (2010-07-23), Telemetry locations aggregated per species per 1-degree cell (2010-09-19), Telemetry locations aggregated per species per 1-degree cell (2010-11-09), Telemetry locations aggregated per species per 1-degree cell (2010-11-12), Telemetry locations aggregated per species per 1-degree cell (2011-01-12)"
101375a,Whalelicious,Captain Coralburst,5,Male,"Adult (2010), Unknown (2010), Unknown (year Unknown)","Bahamas (2010), Cuba (2010), Mexico (year Unknown)",Unknown,"Telemetry locations aggregated per species per 1-degree cell (2010-07-23), Telemetry locations aggregated per species per 1-degree cell (2010-09-08), Telemetry locations aggregated per species per 1-degree cell (2010-09-27), Telemetry locations aggregated per species per 1-degree cell (2010-10-17), Telemetry locations aggregated per species per 1-degree cell (2010-10-25)"
161734,Whale Shadow,GlimmerGiant,5,Unknown,Unknown (year Unknown),Australia (year Unknown),Unknown,"Telemetry locations aggregated per species per 1-degree cell (2016-06-01), Telemetry locations aggregated per species per 1-degree cell (2016-06-03), Telemetry locations aggregated per species per 1-degree cell (2016-06-07), Telemetry locations aggregated per species per 1-degree cell (2016-06-08)"
143669,Fintan's Wanderer,Aussie Glider,5,Unknown,Unknown (year Unknown),Australia (year Unknown),Unknown,"Telemetry locations aggregated per species per 1-degree cell (2016-06-01), Telemetry locations aggregated per species per 1-degree cell (2016-06-03), Telemetry locations aggregated per species per 1-degree cell (2016-06-07), Telemetry locations aggregated per species per 1-degree cell (2016-06-08), Telemetry locations aggregated per species per 1-degree cell (2016-06-14)"
101373b,Whalelicious,Sir Swims-a-Lot,5,Male,Adult (2011),"Belize (2011), Guatemala (2011), Honduras (2011), Trinidad and Tobago (2011)",Unknown,"Telemetry locations aggregated per species per 1-degree cell (2011-04-20), Telemetry locations aggregated per species per 1-degree cell (2011-04-23), Telemetry locations aggregated per species per 1-degree cell (2011-04-25), Telemetry locations aggregated per species per 1-degree cell (2011-04-26), Telemetry locations aggregated per species per 1-degree cell (2011-04-27)"
101373,WhaleSharkie,Gloopy Gumball,5,Male,Adult (2011),"Belize (2011), Guatemala (2011), Honduras (2011), Trinidad and Tobago (2011)",Unknown,"Telemetry locations aggregated per species per 1-degree cell (2011-04-20), Telemetry locations aggregated per species per 1-degree cell (2011-04-23), Telemetry locations aggregated per species per 1-degree cell (2011-04-25), Telemetry locations aggregated per species per 1-degree cell (2011-04-26), Telemetry locations aggregated per species per 1-degree cell (2011-04-27)"
A69-1602-1576,Whale-licious,Aussie Sparkle,5,Female,Unknown (2017),Australia (2017),Unknown,Release of animal (2017-07-12)
2019_WS47,Whalelicious,Whalesharkid: 2019_WS47 - GlimmerDusk,5,Female,Unknown (2019),Australia (2019),Unknown,Unknown
2019_WS79,:Whirling Wanderer:,Whalesharkid: 2019_WS79 - The Aussie Mystique,5,Male,Unknown (2019),Australia (2019),Unknown,Unknown
A69-9001-19475,Ocean Dreamer,Aussie Glimmerqueen,5,Female,Unknown (2016),Australia (2016),Unknown,Release of animal (2016-06-02)
A69-1602-1569,Whalesharklet: A69-1602-1569,Aussie Sparkle,6,Female,Unknown (2017),Australia (2017),Unknown,Release of animal (2017-07-18)
161730,Whaleshark Goddess:,Marina Mystique,6,Female,"Subadult (year Unknown), Unknown (year Unknown)",Australia (year Unknown),Unknown,"Telemetry locations aggregated per species per 1-degree cell (2016-06-01), Telemetry locations aggregated per species per 1-degree cell (2016-06-03), Telemetry locations aggregated per species per 1-degree cell (2016-06-07), Telemetry locations aggregated per species per 1-degree cell (2016-06-08), Telemetry locations aggregated per species per 1-degree cell (2016-06-14), Telemetry locations aggregated per species per 1-degree cell (2017-06-07)"
161735,Whalesharklet,Aussie Glider,6,Unknown,Unknown (year Unknown),Australia (year Unknown),Unknown,"Telemetry locations aggregated per species per 1-degree cell (2016-06-01), Telemetry locations aggregated per species per 1-degree cell (2016-06-03), Telemetry locations aggregated per species per 1-degree cell (2016-06-07), Telemetry locations aggregated per species per 1-degree cell (2016-06-08), Telemetry locations aggregated per species per 1-degree cell (2016-06-14)"
163471,Whalelicious,WhaleSharkie AussieQuest,6,Male,"Adult (2017), Unknown (year Unknown)","Australia (2017), Australia (year Unknown)",Unknown,"Telemetry locations aggregated per species per 1-degree cell (2016-06-03), Telemetry locations aggregated per species per 1-degree cell (2016-06-07), Telemetry locations aggregated per species per 1-degree cell (2016-10-29), Telemetry locations aggregated per species per 1-degree cell (2016-12-19), Telemetry locations aggregated per species per 1-degree cell (2017-01-06), Telemetry locations aggregated per species per 1-degree cell (2017-01-25)"
57830,Whale's Whisper,"tá bom, eu vou contar até vinte e depois vou te procurar! um, dois, três... *começa a contar animadamente*",6,Male,"Subadult (year Unknown), Unknown (year Unknown)",Australia (year Unknown),Unknown,"Telemetry locations aggregated per species per 1-degree cell (2016-06-07), Telemetry locations aggregated per species per 1-degree cell (2016-06-08), Telemetry locations aggregated per species per 1-degree cell (2016-06-14), Telemetry locations aggregated per species per 1-degree cell (2016-08-01), Telemetry locations aggregated per species per 1-degree cell (2016-08-07), Telemetry locations aggregated per species per 1-degree cell (2017-07-28)"
A69-9001-19503,Splash,Aussie Glittermiss,7,Female,"Unknown (2015), Unknown (2016)","Australia (2015), Australia (2016)",Unknown,Release of animal (2015-06-02)
A69-1602-1577,Whalelicious:,Finley Flicker,7,Male,Unknown (2017),Australia (2017),Unknown,Release of animal (2017-07-19)
57825,Whalesharkid:,Aurelia Splash,7,Female,"Unknown (2018), Unknown (year Unknown)","Australia (2018), Australia (year Unknown)",Unknown,"Telemetry locations aggregated per species per 1-degree cell (2016-06-03), Telemetry locations aggregated per species per 1-degree cell (2016-06-08), Telemetry locations aggregated per species per 1-degree cell (2016-06-14), Telemetry locations aggregated per species per 1-degree cell (2016-08-01), Telemetry locations aggregated per species per 1-degree cell (2016-12-09), Telemetry locations aggregated per species per 1-degree cell (2017-07-27), Telemetry locations aggregated per species per 1-degree cell (2018-06-26)"
161736,Whalelicious,Name:,7,Male,"Juvenile (2016), Unknown (year Unknown)","Australia (2016), Australia (year Unknown)",Unknown,"Telemetry locations aggregated per species per 1-degree cell (2016-06-01), Telemetry locations aggregated per species per 1-degree cell (2016-06-03), Telemetry locations aggregated per species per 1-degree cell (2016-06-07), Telemetry locations aggregated per species per 1-degree cell (2016-06-14), Telemetry locations aggregated per species per 1-degree cell (2016-08-31), Telemetry locations aggregated per species per 1-degree cell (2016-09-04), Telemetry locations aggregated per species per 1-degree cell (2016-09-06)"
A69-9001-19478,Whalelicious:,Aussie Glimmerqueen,7,Female,Unknown (2016),Australia (2016),Unknown,Release of animal (2016-06-03)
MariaGracia,Whalelicious:,Splashy Solara,7,Unknown,Unknown (2015),"Ecuador (2015), Peru (2015)",Unknown,Unknown
36295,Whalelicious,Aussie Glider,7,Unknown,Unknown (year Unknown),Australia (year Unknown),Unknown,"Telemetry locations aggregated per species per 1-degree cell (2016-06-01), Telemetry locations aggregated per species per 1-degree cell (2016-06-03), Telemetry locations aggregated per species per 1-degree cell (2016-06-07), Telemetry locations aggregated per species per 1-degree cell (2016-06-14), Telemetry locations aggregated per species per 1-degree cell (2016-12-19), Telemetry locations aggregated per species per 1-degree cell (2017-07-27)"
36293,Whalelicious,Name: Captain Duskfin,7,Male,"Adult (year Unknown), Unknown (year Unknown)",Australia (year Unknown),Unknown,"Telemetry locations aggregated per species per 1-degree cell (2016-06-01), Telemetry locations aggregated per species per 1-degree cell (2016-06-03), Telemetry locations aggregated per species per 1-degree cell (2016-06-07), Telemetry locations aggregated per species per 1-degree cell (2016-06-08), Telemetry locations aggregated per species per 1-degree cell (2016-06-14), Telemetry locations aggregated per species per 1-degree cell (2016-08-31), Telemetry locations aggregated per species per 1-degree cell (2016-12-11)"
132072,Whalesharkie,BajaBlitz,7,Unknown,Unknown (2015),Ecuador (2015),Unknown,Unknown
A69-1303-64112,Fintan's Wanderer:,Finley Flicker,8,Male,Unknown (2011),Australia (2011),Unknown,Release of animal (2011-03-31)
A69-1303-64110,Whale-licious,Finley Flicker,9,Male,Unknown (2011),Australia (2011),Unknown,Release of animal (2011-03-31)
50834a,Whale-Whisperer,Whalesharkid: 50834a,9,Male,"Juvenile (2011), Unknown (year Unknown)","Mexico (2011), Mexico (year Unknown), United States (2011), United States (year Unknown)",Unknown,"Telemetry locations aggregated per species per 1-degree cell (2010-07-23), Telemetry locations aggregated per species per 1-degree cell (2010-12-01), Telemetry locations aggregated per species per 1-degree cell (2010-12-10), Telemetry locations aggregated per species per 1-degree cell (2011-02-05), Telemetry locations aggregated per species per 1-degree cell (2011-02-07), Telemetry locations aggregated per species per 1-degree cell (2011-02-12), Telemetry locations aggregated per species per 1-degree cell (2011-03-06), Telemetry locations aggregated per species per 1-degree cell (2011-03-19)"
Lea,WhaleWave,Twinkle Tails,10,Unknown,"Unknown (2011), Unknown (2015)",Ecuador (2015),Unknown,Unknown
A69-9001-19477,Whalelicious,Aussie Stardust,10,Male,"Unknown (2016), Unknown (2017)","Australia (2016), Australia (2017)",Unknown,Release of animal (2016-06-02)
Yessie,Whalelicious,Ecuadream,10,Unknown,Unknown (2015),Ecuador (2015),Unknown,Unknown
57826,Whale-Whisperer,Marina Mischief,10,Female,"Juvenile (2018), Juvenile (2019), Unknown (2018)",Indonesia (2018),Unknown,"Telemetry locations aggregated per species per 1-degree cell (2018-07-10), Telemetry locations aggregated per species per 1-degree cell (2018-07-12), Telemetry locations aggregated per species per 1-degree cell (2018-07-31), Telemetry locations aggregated per species per 1-degree cell (2018-08-03), Telemetry locations aggregated per species per 1-degree cell (2018-08-09), Telemetry locations aggregated per species per 1-degree cell (2018-08-11), Telemetry locations aggregated per species per 1-degree cell (2018-08-17), Telemetry locations aggregated per species per 1-degree cell (2018-08-28), Telemetry locations aggregated per species per 1-degree cell (2019-04-26), Telemetry locations aggregated per species per 1-degree cell (2019-05-02)"
A69-9001-19501,Splash,Finley Flicker,10,Male,Unknown (2016),Australia (2016),Unknown,Release of animal (2016-06-02)
57827,Whale's Whisper,Gigglesnork,11,Female,"Subadult (2018), Subadult (year Unknown), Unknown (year Unknown)","Australia (year Unknown), Indonesia (2018)",Unknown,"Telemetry locations aggregated per species per 1-degree cell (2016-06-03), Telemetry locations aggregated per species per 1-degree cell (2016-06-08), Telemetry locations aggregated per species per 1-degree cell (2016-06-14), Telemetry locations aggregated per species per 1-degree cell (2016-08-01), Telemetry locations aggregated per species per 1-degree cell (2017-06-07), Telemetry locations aggregated per species per 1-degree cell (2017-07-28), Telemetry locations aggregated per species per 1-degree cell (2017-07-30), Telemetry locations aggregated per species per 1-degree cell (2018-08-14), Telemetry locations aggregated per species per 1-degree cell (2018-08-20), Telemetry locations aggregated per species per 1-degree cell (2018-08-30), Telemetry locations aggregated per species per 1-degree cell (2018-09-03)"
143670,Whalelicious,Finny the Wanderer,11,Male,"Subadult (2016), Subadult (year Unknown), Unknown (year Unknown)","Australia (2016), Australia (year Unknown)",Unknown,"Telemetry locations aggregated per species per 1-degree cell (2016-06-01), Telemetry locations aggregated per species per 1-degree cell (2016-06-03), Telemetry locations aggregated per species per 1-degree cell (2016-06-07), Telemetry locations aggregated per species per 1-degree cell (2016-06-08), Telemetry locations aggregated per species per 1-degree cell (2016-06-14), Telemetry locations aggregated per species per 1-degree cell (2016-08-01), Telemetry locations aggregated per species per 1-degree cell (2016-08-07), Telemetry locations aggregated per species per 1-degree cell (2016-08-11), Telemetry locations aggregated per species per 1-degree cell (2016-08-14), Telemetry locations aggregated per species per 1-degree cell (2016-08-15)"
101376a,Whalelicious,Whalesharkid: 101376a,11,Male,"Adult (2010), Adult (2011), Adult (year Unknown), Unknown (2010), Unknown (year Unknown)","Colombia (2011), Cuba (2010), Mexico (2010), Mexico (year Unknown), Nicaragua (2011), United States (2010)",Unknown,"Telemetry locations aggregated per species per 1-degree cell (2010-07-23), Telemetry locations aggregated per species per 1-degree cell (2010-09-19), Telemetry locations aggregated per species per 1-degree cell (2010-10-01), Telemetry locations aggregated per species per 1-degree cell (2010-10-02), Telemetry locations aggregated per species per 1-degree cell (2010-10-03), Telemetry locations aggregated per species per 1-degree cell (2010-10-16), Telemetry locations aggregated per species per 1-degree cell (2010-11-08), Telemetry locations aggregated per species per 1-degree cell (2011-01-11), Telemetry locations aggregated per species per 1-degree cell (2011-01-15), Telemetry locations aggregated per species per 1-degree cell (2011-01-18), Telemetry locations aggregated per species per 1-degree cell (2011-01-19)"
50769b,Whalelicious,Marina Mystique,11,Female,"Adult (2011), Unknown (2011)","Belize (2011), Guatemala (2011), Honduras (2011)",Unknown,"Telemetry locations aggregated per species per 1-degree cell (2011-01-12), Telemetry locations aggregated per species per 1-degree cell (2011-04-20), Telemetry locations aggregated per species per 1-degree cell (2011-04-23), Telemetry locations aggregated per species per 1-degree cell (2011-04-25), Telemetry locations aggregated per species per 1-degree cell (2011-04-26), Telemetry locations aggregated per species per 1-degree cell (2011-06-01), Telemetry locations aggregated per species per 1-degree cell (2011-06-05), Telemetry locations aggregated per species per 1-degree cell (2011-06-09), Telemetry locations aggregated per species per 1-degree cell (2011-06-17), Telemetry locations aggregated per species per 1-degree cell (2011-06-20), Telemetry locations aggregated per species per 1-degree cell (2011-06-24)"
A69-9001-28409,Splash,Blinky Bluefin,11,Male,"Unknown (2011), Unknown (2012)","Australia (2011), Australia (2012)",Unknown,"Release of animal (2011-03-31), Release of animal (2012-09-09)"
50769,Whalelicious,Gloambright,11,Female,"Adult (2011), Unknown (2011)","Belize (2011), Guatemala (2011), Honduras (2011)",Unknown,"Telemetry locations aggregated per species per 1-degree cell (2011-01-12), Telemetry locations aggregated per species per 1-degree cell (2011-04-20), Telemetry locations aggregated per species per 1-degree cell (2011-04-23), Telemetry locations aggregated per species per 1-degree cell (2011-04-25), Telemetry locations aggregated per species per 1-degree cell (2011-04-26), Telemetry locations aggregated per species per 1-degree cell (2011-06-01), Telemetry locations aggregated per species per 1-degree cell (2011-06-05), Telemetry locations aggregated per species per 1-degree cell (2011-06-09), Telemetry locations aggregated per species per 1-degree cell (2011-06-17), Telemetry locations aggregated per species per 1-degree cell (2011-06-20), Telemetry locations aggregated per species per 1-degree cell (2011-06-24)"
57824,WhaleSinker,Gigglebluz the Ocean Wanderer,11,Unknown,"Subadult (2018), Subadult (year Unknown), Unknown (year Unknown)","Australia (2018), Australia (year Unknown)",Unknown,"Telemetry locations aggregated per species per 1-degree cell (2016-06-01), Telemetry locations aggregated per species per 1-degree cell (2016-06-03), Telemetry locations aggregated per species per 1-degree cell (2016-06-14), Telemetry locations aggregated per species per 1-degree cell (2016-08-08), Telemetry locations aggregated per species per 1-degree cell (2016-10-29), Telemetry locations aggregated per species per 1-degree cell (2016-12-19), Telemetry locations aggregated per species per 1-degree cell (2017-01-06), Telemetry locations aggregated per species per 1-degree cell (2017-08-08), Telemetry locations aggregated per species per 1-degree cell (2017-08-17), Telemetry locations aggregated per species per 1-degree cell (2017-12-06), Telemetry locations aggregated per species per 1-degree cell (2018-02-11)"
57829,Whale Sparkle,Marino the Wanderlust,12,Male,"Adult (2018), Adult (2019), Unknown (year Unknown)","Australia (2019), Australia (year Unknown), Indonesia (2018)",Unknown,"Telemetry locations aggregated per species per 1-degree cell (2016-06-01), Telemetry locations aggregated per species per 1-degree cell (2016-06-03), Telemetry locations aggregated per species per 1-degree cell (2016-06-07), Telemetry locations aggregated per species per 1-degree cell (2016-08-07), Telemetry locations aggregated per species per 1-degree cell (2017-01-06), Telemetry locations aggregated per species per 1-degree cell (2017-07-29), Telemetry locations aggregated per species per 1-degree cell (2018-10-23), Telemetry locations aggregated per species per 1-degree cell (2018-10-25), Telemetry locations aggregated per species per 1-degree cell (2018-10-29), Telemetry locations aggregated per species per 1-degree cell (2019-01-12), Telemetry locations aggregated per species per 1-degree cell (2019-01-25)"
161733,Whalelicious,Whalesharkid: 161733,12,Female,"Juvenile (2016), Unknown (2016), Unknown (year Unknown)","Australia (2016), Australia (year Unknown), Indonesia (year Unknown)",Unknown,"Telemetry locations aggregated per species per 1-degree cell (2016-06-03), Telemetry locations aggregated per species per 1-degree cell (2016-06-07), Telemetry locations aggregated per species per 1-degree cell (2016-06-08), Telemetry locations aggregated per species per 1-degree cell (2016-06-17), Telemetry locations aggregated per species per 1-degree cell (2016-07-09), Telemetry locations aggregated per species per 1-degree cell (2016-07-10), Telemetry locations aggregated per species per 1-degree cell (2016-07-14), Telemetry locations aggregated per species per 1-degree cell (2016-07-22), Telemetry locations aggregated per species per 1-degree cell (2016-07-24), Telemetry locations aggregated per species per 1-degree cell (2016-07-26), Telemetry locations aggregated per species per 1-degree cell (2016-08-08), Telemetry locations aggregated per species per 1-degree cell (2016-08-10)"
A69-9001-19479,Unnamed,Unnamed,12,Female,"Unknown (2015), Unknown (2016)","Australia (2015), Australia (2016)",Unknown,Release of animal (2015-06-01)
A69-9002-12411,Whalesharker:,Finley Flicker,12,Male,Unknown (2015),Australia (2015),Unknown,Release of animal (2015-06-26)
161732,Whalelicious,Finn the Fantabulous Flipper,13,Male,"Juvenile (2017), Unknown (2017), Unknown (year Unknown)","Australia (2017), Australia (year Unknown)",Unknown,"Telemetry locations aggregated per species per 1-degree cell (2016-06-01), Telemetry locations aggregated per species per 1-degree cell (2016-06-03), Telemetry locations aggregated per species per 1-degree cell (2016-06-07), Telemetry locations aggregated per species per 1-degree cell (2016-06-08), Telemetry locations aggregated per species per 1-degree cell (2016-06-14), Telemetry locations aggregated per species per 1-degree cell (2016-08-31), Telemetry locations aggregated per species per 1-degree cell (2017-08-08), Telemetry locations aggregated per species per 1-degree cell (2017-09-06), Telemetry locations aggregated per species per 1-degree cell (2017-09-27), Telemetry locations aggregated per species per 1-degree cell (2017-10-11), Telemetry locations aggregated per species per 1-degree cell (2017-10-17), Telemetry locations aggregated per species per 1-degree cell (2017-10-22)"
A69-1602-1573,Whale Sparkle,Finley Flicker,13,Male,Unknown (2017),Australia (2017),Unknown,Release of animal (2017-07-19)
A69-1602-1578,Whalelicious,Finley Flicker,13,Male,Unknown (2017),Australia (2017),Unknown,Release of animal (2017-07-21)
139127,Whalelicious,BajaBliss,13,Unknown,Unknown (2014),Ecuador (2014),Unknown,Unknown
101367a,Whalelicious:,Whalesharkid: 101367a,13,Female,"Adult (2010), Adult (year Unknown), Unknown (2010), Unknown (year Unknown)","Mexico (2010), Mexico (year Unknown), Turks and Caicos Islands (2010)",Unknown,"Telemetry locations aggregated per species per 1-degree cell (2010-07-23), Telemetry locations aggregated per species per 1-degree cell (2010-08-21), Telemetry locations aggregated per species per 1-degree cell (2010-08-30), Telemetry locations aggregated per species per 1-degree cell (2010-09-08), Telemetry locations aggregated per species per 1-degree cell (2010-09-19), Telemetry locations aggregated per species per 1-degree cell (2010-09-28), Telemetry locations aggregated per species per 1-degree cell (2010-10-12), Telemetry locations aggregated per species per 1-degree cell (2010-10-16), Telemetry locations aggregated per species per 1-degree cell (2010-11-30), Telemetry locations aggregated per species per 1-degree cell (2010-12-04), Telemetry locations aggregated per species per 1-degree cell (2010-12-19), Telemetry locations aggregated per species per 1-degree cell (2010-12-22)"
36324,Whalezilla:,Bubbles the Voyager,14,Male,"Subadult (2018), Subadult (year Unknown), Unknown (year Unknown)","Australia (2018), Australia (year Unknown)",Unknown,"Telemetry locations aggregated per species per 1-degree cell (2016-06-01), Telemetry locations aggregated per species per 1-degree cell (2016-06-03), Telemetry locations aggregated per species per 1-degree cell (2016-06-07), Telemetry locations aggregated per species per 1-degree cell (2016-06-08), Telemetry locations aggregated per species per 1-degree cell (2016-06-14), Telemetry locations aggregated per species per 1-degree cell (2016-08-31), Telemetry locations aggregated per species per 1-degree cell (2016-09-04), Telemetry locations aggregated per species per 1-degree cell (2016-10-29), Telemetry locations aggregated per species per 1-degree cell (2016-12-19), Telemetry locations aggregated per species per 1-degree cell (2017-08-08), Telemetry locations aggregated per species per 1-degree cell (2017-12-06), Telemetry locations aggregated per species per 1-degree cell (2018-02-11), Telemetry locations aggregated per species per 1-degree cell (2018-02-18), Telemetry locations aggregated per species per 1-degree cell (2018-02-22)"
161731,Whale Scamper,Sir Finley the Wanderer,14,Male,"Subadult (2017), Subadult (2018), Unknown (year Unknown)","Australia (2017), Australia (2018), Australia (year Unknown)",Unknown,"Telemetry locations aggregated per species per 1-degree cell (2016-06-01), Telemetry locations aggregated per species per 1-degree cell (2016-06-03), Telemetry locations aggregated per species per 1-degree cell (2016-06-07), Telemetry locations aggregated per species per 1-degree cell (2016-06-08), Telemetry locations aggregated per species per 1-degree cell (2016-06-14), Telemetry locations aggregated per species per 1-degree cell (2016-12-19), Telemetry locations aggregated per species per 1-degree cell (2017-01-06), Telemetry locations aggregated per species per 1-degree cell (2017-07-24), Telemetry locations aggregated per species per 1-degree cell (2017-07-29), Telemetry locations aggregated per species per 1-degree cell (2017-12-06), Telemetry locations aggregated per species per 1-degree cell (2017-12-18), Telemetry locations aggregated per species per 1-degree cell (2017-12-22), Telemetry locations aggregated per species per 1-degree cell (2017-12-24), Telemetry locations aggregated per species per 1-degree cell (2018-02-07)"
A69-1602-1574,Whaleshark Bubbles:,Finley Flicker,14,Male,Unknown (2017),Australia (2017),Unknown,Release of animal (2017-07-21)
130667,Whale Shadow,Sir Swims-a-Lot,15,Male,"Subadult (2013), Unknown (year Unknown)","Mexico (2013), Mexico (year Unknown), United States (2013)",Unknown,"Telemetry locations aggregated per species per 1-degree cell (2010-07-23), Telemetry locations aggregated per species per 1-degree cell (2010-08-21), Telemetry locations aggregated per species per 1-degree cell (2010-08-30), Telemetry locations aggregated per species per 1-degree cell (2010-09-09), Telemetry locations aggregated per species per 1-degree cell (2010-09-12), Telemetry locations aggregated per species per 1-degree cell (2013-07-17), Telemetry locations aggregated per species per 1-degree cell (2013-07-22), Telemetry locations aggregated per species per 1-degree cell (2013-07-23), Telemetry locations aggregated per species per 1-degree cell (2013-07-29), Telemetry locations aggregated per species per 1-degree cell (2013-08-02), Telemetry locations aggregated per species per 1-degree cell (2013-08-06), Telemetry locations aggregated per species per 1-degree cell (2013-08-13), Telemetry locations aggregated per species per 1-degree cell (2013-08-17), Telemetry locations aggregated per species per 1-degree cell (2013-08-23), Telemetry locations aggregated per species per 1-degree cell (2013-08-27)"
151677,Ocean Sparkle,BajaBliss,15,Unknown,Unknown (2015),Ecuador (2015),Unknown,Unknown
112471,Whalelicious,Whalesharkid: 112471 — Captain Coral Cosmo,16,Male,"Subadult (2013), Unknown (year Unknown)","Mexico (2013), Mexico (year Unknown)",Unknown,"Telemetry locations aggregated per species per 1-degree cell (2010-07-23), Telemetry locations aggregated per species per 1-degree cell (2010-09-08), Telemetry locations aggregated per species per 1-degree cell (2010-10-25), Telemetry locations aggregated per species per 1-degree cell (2010-10-26), Telemetry locations aggregated per species per 1-degree cell (2010-10-30), Telemetry locations aggregated per species per 1-degree cell (2010-11-07), Telemetry locations aggregated per species per 1-degree cell (2010-11-09), Telemetry locations aggregated per species per 1-degree cell (2010-11-21), Telemetry locations aggregated per species per 1-degree cell (2010-11-22), Telemetry locations aggregated per species per 1-degree cell (2010-12-26), Telemetry locations aggregated per species per 1-degree cell (2011-02-07), Telemetry locations aggregated per species per 1-degree cell (2011-02-12), Telemetry locations aggregated per species per 1-degree cell (2013-09-01), Telemetry locations aggregated per species per 1-degree cell (2013-12-09), Telemetry locations aggregated per species per 1-degree cell (2013-12-16)"
143678,Whalelicious,Blinky Bob,17,Male,Juvenile (2015),"Australia (2015), Christmas Island (2015)",Unknown,"Telemetry locations aggregated per species per 1-degree cell (2015-06-27), Telemetry locations aggregated per species per 1-degree cell (2015-06-30), Telemetry locations aggregated per species per 1-degree cell (2015-07-03), Telemetry locations aggregated per species per 1-degree cell (2015-07-05), Telemetry locations aggregated per species per 1-degree cell (2015-07-06), Telemetry locations aggregated per species per 1-degree cell (2015-07-07), Telemetry locations aggregated per species per 1-degree cell (2015-07-09), Telemetry locations aggregated per species per 1-degree cell (2015-07-11), Telemetry locations aggregated per species per 1-degree cell (2015-07-12), Telemetry locations aggregated per species per 1-degree cell (2015-07-14), Telemetry locations aggregated per species per 1-degree cell (2015-07-16), Telemetry locations aggregated per species per 1-degree cell (2015-07-19), Telemetry locations aggregated per species per 1-degree cell (2015-07-20), Telemetry locations aggregated per species per 1-degree cell (2015-07-22), Telemetry locations aggregated per species per 1-degree cell (2015-07-25), Telemetry locations aggregated per species per 1-degree cell (2015-07-28), Telemetry locations aggregated per species per 1-degree cell (2015-08-02)"
36325,"""Flicker""",Whalesharkid: 36325,17,Male,"Subadult (2017), Subadult (year Unknown), Unknown (2017), Unknown (year Unknown)","Australia (2017), Australia (year Unknown)",Unknown,"Telemetry locations aggregated per species per 1-degree cell (2016-06-01), Telemetry locations aggregated per species per 1-degree cell (2016-06-03), Telemetry locations aggregated per species per 1-degree cell (2016-06-07), Telemetry locations aggregated per species per 1-degree cell (2016-06-08), Telemetry locations aggregated per species per 1-degree cell (2016-06-14), Telemetry locations aggregated per species per 1-degree cell (2016-08-07), Telemetry locations aggregated per species per 1-degree cell (2016-08-15), Telemetry locations aggregated per species per 1-degree cell (2016-08-31), Telemetry locations aggregated per species per 1-degree cell (2016-09-04), Telemetry locations aggregated per species per 1-degree cell (2017-07-28), Telemetry locations aggregated per species per 1-degree cell (2017-07-29), Telemetry locations aggregated per species per 1-degree cell (2017-07-30), Telemetry locations aggregated per species per 1-degree cell (2017-08-08), Telemetry locations aggregated per species per 1-degree cell (2017-08-11), Telemetry locations aggregated per species per 1-degree cell (2017-08-17), Telemetry locations aggregated per species per 1-degree cell (2017-09-10)"
A69-9001-19497,Aurora Borealis,Aussie Glittermiss,17,Female,"Unknown (2016), Unknown (2017)","Australia (2016), Australia (2017)",Unknown,Release of animal (2016-06-03)
36309,The Nautilus,Whalesharkid: 36309,18,Female,"Subadult (2017), Subadult (2018), Subadult (year Unknown), Unknown (year Unknown)","Australia (2017), Australia (2018), Australia (year Unknown)",Unknown,"Telemetry locations aggregated per species per 1-degree cell (2016-06-01), Telemetry locations aggregated per species per 1-degree cell (2016-06-03), Telemetry locations aggregated per species per 1-degree cell (2016-06-07), Telemetry locations aggregated per species per 1-degree cell (2016-06-08), Telemetry locations aggregated per species per 1-degree cell (2016-06-14), Telemetry locations aggregated per species per 1-degree cell (2017-07-28), Telemetry locations aggregated per species per 1-degree cell (2017-07-29), Telemetry locations aggregated per species per 1-degree cell (2017-07-30), Telemetry locations aggregated per species per 1-degree cell (2017-08-01), Telemetry locations aggregated per species per 1-degree cell (2017-08-03), Telemetry locations aggregated per species per 1-degree cell (2018-01-18), Telemetry locations aggregated per species per 1-degree cell (2018-01-22), Telemetry locations aggregated per species per 1-degree cell (2018-02-06), Telemetry locations aggregated per species per 1-degree cell (2018-02-07), Telemetry locations aggregated per species per 1-degree cell (2018-02-17), Telemetry locations aggregated per species per 1-degree cell (2018-02-21)"
Dani,Dani,Whalesharkid: Dani,18,Unknown,"Unknown (2012), Unknown (2016)","Ecuador (2012), Ecuador (2016)",Unknown,Unknown
57823,Whalesharker's Embrace,Whalesharkid: 57823 — Captain Azurefin,18,Male,"Adult (2018), Unknown (2018), Unknown (year Unknown)","Australia (2018), Australia (year Unknown), Indonesia (2018)",Unknown,"Telemetry locations aggregated per species per 1-degree cell (2016-06-01), Telemetry locations aggregated per species per 1-degree cell (2016-06-07), Telemetry locations aggregated per species per 1-degree cell (2016-06-08), Telemetry locations aggregated per species per 1-degree cell (2016-06-17), Telemetry locations aggregated per species per 1-degree cell (2018-07-27), Telemetry locations aggregated per species per 1-degree cell (2018-07-28), Telemetry locations aggregated per species per 1-degree cell (2018-07-29), Telemetry locations aggregated per species per 1-degree cell (2018-07-31), Telemetry locations aggregated per species per 1-degree cell (2018-08-11), Telemetry locations aggregated per species per 1-degree cell (2018-08-17), Telemetry locations aggregated per species per 1-degree cell (2018-09-25), Telemetry locations aggregated per species per 1-degree cell (2018-09-26), Telemetry locations aggregated per species per 1-degree cell (2018-10-08), Telemetry locations aggregated per species per 1-degree cell (2018-10-09)"
50831a,WhaleWonk,Nomee the Wanderer,19,Male,"Adult (2010), Unknown (2010), Unknown (year Unknown)","Mexico (2010), Mexico (year Unknown), United States (year Unknown)",Unknown,"Telemetry locations aggregated per species per 1-degree cell (2010-07-23), Telemetry locations aggregated per species per 1-degree cell (2010-08-17), Telemetry locations aggregated per species per 1-degree cell (2010-08-21), Telemetry locations aggregated per species per 1-degree cell (2010-08-30), Telemetry locations aggregated per species per 1-degree cell (2010-09-06), Telemetry locations aggregated per species per 1-degree cell (2010-09-09), Telemetry locations aggregated per species per 1-degree cell (2010-09-12), Telemetry locations aggregated per species per 1-degree cell (2010-10-25), Telemetry locations aggregated per species per 1-degree cell (2010-10-28), Telemetry locations aggregated per species per 1-degree cell (2010-11-02), Telemetry locations aggregated per species per 1-degree cell (2010-11-04), Telemetry locations aggregated per species per 1-degree cell (2010-11-07), Telemetry locations aggregated per species per 1-degree cell (2010-11-09), Telemetry locations aggregated per species per 1-degree cell (2010-11-21), Telemetry locations aggregated per species per 1-degree cell (2010-11-22), Telemetry locations aggregated per species per 1-degree cell (2010-11-25), Telemetry locations aggregated per species per 1-degree cell (2010-12-01), Telemetry locations aggregated per species per 1-degree cell (2010-12-04), Telemetry locations aggregated per species per 1-degree cell (2010-12-10)"
A69-9001-28404,Splashin' Sammy:,Finley Flicker,20,Male,Unknown (2013),Australia (2013),Unknown,Release of animal (2013-05-05)
163470,Whalelicious,Aurelia Tidewhisper,20,Female,"Adult (2016), Adult (year Unknown), Unknown (2016), Unknown (year Unknown)","Australia (2016), Australia (year Unknown), Indonesia (2016), Indonesia (year Unknown)",Unknown,"Telemetry locations aggregated per species per 1-degree cell (2016-06-03), Telemetry locations aggregated per species per 1-degree cell (2016-06-07), Telemetry locations aggregated per species per 1-degree cell (2016-07-09), Telemetry locations aggregated per species per 1-degree cell (2016-07-29), Telemetry locations aggregated per species per 1-degree cell (2016-07-30), Telemetry locations aggregated per species per 1-degree cell (2016-08-05), Telemetry locations aggregated per species per 1-degree cell (2016-08-21), Telemetry locations aggregated per species per 1-degree cell (2016-08-24), Telemetry locations aggregated per species per 1-degree cell (2016-08-30), Telemetry locations aggregated per species per 1-degree cell (2016-08-31), Telemetry locations aggregated per species per 1-degree cell (2016-09-03), Telemetry locations aggregated per species per 1-degree cell (2016-09-10), Telemetry locations aggregated per species per 1-degree cell (2016-09-19), Telemetry locations aggregated per species per 1-degree cell (2016-09-26), Telemetry locations aggregated per species per 1-degree cell (2016-10-01), Telemetry locations aggregated per species per 1-degree cell (2016-10-23), Telemetry locations aggregated per species per 1-degree cell (2016-10-26), Telemetry locations aggregated per species per 1-degree cell (2016-12-09), Telemetry locations aggregated per species per 1-degree cell (2016-12-11), Telemetry locations aggregated per species per 1-degree cell (2016-12-19)"
101373a,Whalelicious,Whalesharkid: 101373a,21,Male,"Adult (2010), Adult (year Unknown), Unknown (2010), Unknown (year Unknown)","Bahamas (2010), Canada (2010), Cuba (2010), Mexico (2010), Mexico (year Unknown), United States (2010), United States (year Unknown)",Unknown,"Telemetry locations aggregated per species per 1-degree cell (2010-07-23), Telemetry locations aggregated per species per 1-degree cell (2010-08-17), Telemetry locations aggregated per species per 1-degree cell (2010-09-19), Telemetry locations aggregated per species per 1-degree cell (2010-10-01), Telemetry locations aggregated per species per 1-degree cell (2010-10-02), Telemetry locations aggregated per species per 1-degree cell (2010-10-03), Telemetry locations aggregated per species per 1-degree cell (2010-10-16), Telemetry locations aggregated per species per 1-degree cell (2010-10-23), Telemetry locations aggregated per species per 1-degree cell (2010-10-24), Telemetry locations aggregated per species per 1-degree cell (2010-10-27), Telemetry locations aggregated per species per 1-degree cell (2010-11-06), Telemetry locations aggregated per species per 1-degree cell (2010-11-07), Telemetry locations aggregated per species per 1-degree cell (2010-11-10), Telemetry locations aggregated per species per 1-degree cell (2010-11-11), Telemetry locations aggregated per species per 1-degree cell (2010-11-12), Telemetry locations aggregated per species per 1-degree cell (2010-11-15), Telemetry locations aggregated per species per 1-degree cell (2010-11-16), Telemetry locations aggregated per species per 1-degree cell (2010-12-15)"
A69-1303-64091,The Whale's Whisper,Finley Flicker,21,Male,Unknown (2011),Australia (2011),Unknown,Release of animal (2011-03-31)
A69-1602-1575,Flipper:,Splash Spectra,22,Unknown,Unknown (2017),Australia (2017),Unknown,Release of animal (2017-07-18)
101369a,Whale Swallow,Blanco Wanderer,22,Male,"Juvenile (2010), Juvenile (2011), Juvenile (year Unknown), Unknown (2010), Unknown (year Unknown)","Cuba (2010), Mexico (2010), Mexico (year Unknown)",Unknown,"Telemetry locations aggregated per species per 1-degree cell (2010-07-23), Telemetry locations aggregated per species per 1-degree cell (2010-08-17), Telemetry locations aggregated per species per 1-degree cell (2010-08-21), Telemetry locations aggregated per species per 1-degree cell (2010-08-30), Telemetry locations aggregated per species per 1-degree cell (2010-09-08), Telemetry locations aggregated per species per 1-degree cell (2010-09-12), Telemetry locations aggregated per species per 1-degree cell (2010-09-16), Telemetry locations aggregated per species per 1-degree cell (2010-10-01), Telemetry locations aggregated per species per 1-degree cell (2010-10-02), Telemetry locations aggregated per species per 1-degree cell (2010-10-03), Telemetry locations aggregated per species per 1-degree cell (2010-10-05), Telemetry locations aggregated per species per 1-degree cell (2010-10-25), Telemetry locations aggregated per species per 1-degree cell (2010-10-26), Telemetry locations aggregated per species per 1-degree cell (2010-10-28), Telemetry locations aggregated per species per 1-degree cell (2010-10-30), Telemetry locations aggregated per species per 1-degree cell (2010-11-04), Telemetry locations aggregated per species per 1-degree cell (2010-11-06), Telemetry locations aggregated per species per 1-degree cell (2010-11-07), Telemetry locations aggregated per species per 1-degree cell (2010-11-22), Telemetry locations aggregated per species per 1-degree cell (2010-11-25), Telemetry locations aggregated per species per 1-degree cell (2010-12-31), Telemetry locations aggregated per species per 1-degree cell (2011-01-05)"
101370a,Whalelicious,Whalesharkid: Coralina Splash,22,Female,"Adult (2010), Unknown (2010), Unknown (year Unknown)","Mexico (2010), Mexico (year Unknown)",Unknown,"Telemetry locations aggregated per species per 1-degree cell (2010-07-23), Telemetry locations aggregated per species per 1-degree cell (2010-08-17), Telemetry locations aggregated per species per 1-degree cell (2010-08-21), Telemetry locations aggregated per species per 1-degree cell (2010-08-30), Telemetry locations aggregated per species per 1-degree cell (2010-09-16), Telemetry locations aggregated per species per 1-degree cell (2010-09-28), Telemetry locations aggregated per species per 1-degree cell (2010-10-12), Telemetry locations aggregated per species per 1-degree cell (2010-10-16), Telemetry locations aggregated per species per 1-degree cell (2010-11-01), Telemetry locations aggregated per species per 1-degree cell (2010-11-05), Telemetry locations aggregated per species per 1-degree cell (2010-11-21), Telemetry locations aggregated per species per 1-degree cell (2010-11-24), Telemetry locations aggregated per species per 1-degree cell (2010-11-27), Telemetry locations aggregated per species per 1-degree cell (2010-12-11), Telemetry locations aggregated per species per 1-degree cell (2010-12-15), Telemetry locations aggregated per species per 1-degree cell (2010-12-19), Telemetry locations aggregated per species per 1-degree cell (2010-12-22), Telemetry locations aggregated per species per 1-degree cell (2010-12-23), Telemetry locations aggregated per species per 1-degree cell (2010-12-26), Telemetry locations aggregated per species per 1-degree cell (2010-12-29)"
Elsa,Elsa Whale-licious:,Whalesharkid: Elsa,22,Unknown,"Unknown (2011), Unknown (2015)","Ecuador (2011), Ecuador (2015)",Unknown,Unknown
A69-1303-64092,"Ahoy, Wanderer!",Finley Flicker,22,Male,Unknown (2011),Australia (2011),Unknown,Release of animal (2011-03-31)
Yas,Yasahara the Wandering Wanderer,"Whalesharkid: Yas, the Mystery Voyager",25,Unknown,Unknown (2015),Ecuador (2015),Unknown,Unknown
Ranger,Whalelicious Wanderer,Glimmerwave,25,Unknown,"Unknown (2011), Unknown (2015), Unknown (2016)","Ecuador (2011), Ecuador (2015), Peru (2016)",Unknown,Unknown
A69-1602-1570,Aqualina Dreamweaver:,Finley Flicker,27,Male,Unknown (2017),Australia (2017),Unknown,Release of animal (2017-07-19)
101371a,Whalelicious,Whalesharkid: Bubblegum Bay Belle,28,Female,"Juvenile (2010), Juvenile (2011), Juvenile (year Unknown), Unknown (2010), Unknown (year Unknown)","Bahamas (2010), Bahamas (2011), Cuba (2010), Mexico (2010), Mexico (year Unknown), United States (2010), United States (2011), United States (year Unknown)",Unknown,"Telemetry locations aggregated per species per 1-degree cell (2010-07-23), Telemetry locations aggregated per species per 1-degree cell (2010-08-17), Telemetry locations aggregated per species per 1-degree cell (2010-10-02), Telemetry locations aggregated per species per 1-degree cell (2010-10-03), Telemetry locations aggregated per species per 1-degree cell (2010-10-17), Telemetry locations aggregated per species per 1-degree cell (2010-10-22), Telemetry locations aggregated per species per 1-degree cell (2010-10-23), Telemetry locations aggregated per species per 1-degree cell (2010-10-24), Telemetry locations aggregated per species per 1-degree cell (2010-10-26), Telemetry locations aggregated per species per 1-degree cell (2010-10-27), Telemetry locations aggregated per species per 1-degree cell (2010-10-28), Telemetry locations aggregated per species per 1-degree cell (2010-11-07), Telemetry locations aggregated per species per 1-degree cell (2010-11-10), Telemetry locations aggregated per species per 1-degree cell (2010-11-11), Telemetry locations aggregated per species per 1-degree cell (2010-11-12), Telemetry locations aggregated per species per 1-degree cell (2010-11-15), Telemetry locations aggregated per species per 1-degree cell (2010-12-10), Telemetry locations aggregated per species per 1-degree cell (2010-12-12), Telemetry locations aggregated per species per 1-degree cell (2010-12-14), Telemetry locations aggregated per species per 1-degree cell (2010-12-18), Telemetry locations aggregated per species per 1-degree cell (2010-12-28), Telemetry locations aggregated per species per 1-degree cell (2011-01-18), Telemetry locations aggregated per species per 1-degree cell (2011-01-22), Telemetry locations aggregated per species per 1-degree cell (2011-01-24), Telemetry locations aggregated per species per 1-degree cell (2011-01-26), Telemetry locations aggregated per species per 1-degree cell (2011-01-28)"
112468,Whalelicious,Captain Swellwave,29,Male,"Subadult (2013), Unknown (year Unknown)","Mexico (2013), Mexico (year Unknown), United States (2013), United States (year Unknown)",Unknown,"Telemetry locations aggregated per species per 1-degree cell (2010-07-23), Telemetry locations aggregated per species per 1-degree cell (2010-08-17), Telemetry locations aggregated per species per 1-degree cell (2010-08-21), Telemetry locations aggregated per species per 1-degree cell (2010-08-30), Telemetry locations aggregated per species per 1-degree cell (2010-09-08), Telemetry locations aggregated per species per 1-degree cell (2010-09-12), Telemetry locations aggregated per species per 1-degree cell (2010-10-26), Telemetry locations aggregated per species per 1-degree cell (2010-10-28), Telemetry locations aggregated per species per 1-degree cell (2010-10-30), Telemetry locations aggregated per species per 1-degree cell (2010-11-07), Telemetry locations aggregated per species per 1-degree cell (2010-11-09), Telemetry locations aggregated per species per 1-degree cell (2010-11-21), Telemetry locations aggregated per species per 1-degree cell (2010-11-22), Telemetry locations aggregated per species per 1-degree cell (2010-11-25), Telemetry locations aggregated per species per 1-degree cell (2010-12-01), Telemetry locations aggregated per species per 1-degree cell (2010-12-04), Telemetry locations aggregated per species per 1-degree cell (2010-12-29), Telemetry locations aggregated per species per 1-degree cell (2013-07-22), Telemetry locations aggregated per species per 1-degree cell (2013-08-06), Telemetry locations aggregated per species per 1-degree cell (2013-08-16), Telemetry locations aggregated per species per 1-degree cell (2013-08-23), Telemetry locations aggregated per species per 1-degree cell (2013-10-05), Telemetry locations aggregated per species per 1-degree cell (2013-10-06), Telemetry locations aggregated per species per 1-degree cell (2013-10-11), Telemetry locations aggregated per species per 1-degree cell (2013-10-15), Telemetry locations aggregated per species per 1-degree cell (2013-10-18), Telemetry locations aggregated per species per 1-degree cell (2013-10-24), Telemetry locations aggregated per species per 1-degree cell (2013-11-12), Telemetry locations aggregated per species per 1-degree cell (2013-11-13)"
57828,Whalelicious,"Whalesharkid: 57828, aka ""Sir Swims-A-Lot""",29,Male,"Subadult (2018), Subadult (year Unknown), Unknown (2018), Unknown (year Unknown)","Australia (2018), Australia (year Unknown), Indonesia (2018), Indonesia (year Unknown)",Unknown,"Telemetry locations aggregated per species per 1-degree cell (2016-06-01), Telemetry locations aggregated per species per 1-degree cell (2016-06-03), Telemetry locations aggregated per species per 1-degree cell (2016-06-08), Telemetry locations aggregated per species per 1-degree cell (2016-06-14), Telemetry locations aggregated per species per 1-degree cell (2016-07-22), Telemetry locations aggregated per species per 1-degree cell (2016-07-24), Telemetry locations aggregated per species per 1-degree cell (2016-07-29), Telemetry locations aggregated per species per 1-degree cell (2016-08-01), Telemetry locations aggregated per species per 1-degree cell (2016-08-05), Telemetry locations aggregated per species per 1-degree cell (2016-08-08), Telemetry locations aggregated per species per 1-degree cell (2016-08-10), Telemetry locations aggregated per species per 1-degree cell (2016-08-15), Telemetry locations aggregated per species per 1-degree cell (2016-08-21), Telemetry locations aggregated per species per 1-degree cell (2016-08-24), Telemetry locations aggregated per species per 1-degree cell (2016-08-31), Telemetry locations aggregated per species per 1-degree cell (2016-09-10), Telemetry locations aggregated per species per 1-degree cell (2016-10-01), Telemetry locations aggregated per species per 1-degree cell (2017-07-29), Telemetry locations aggregated per species per 1-degree cell (2017-07-30), Telemetry locations aggregated per species per 1-degree cell (2017-08-01), Telemetry locations aggregated per species per 1-degree cell (2018-06-26), Telemetry locations aggregated per species per 1-degree cell (2018-08-27), Telemetry locations aggregated per species per 1-degree cell (2018-08-29), Telemetry locations aggregated per species per 1-degree cell (2018-08-30), Telemetry locations aggregated per species per 1-degree cell (2018-09-02), Telemetry locations aggregated per species per 1-degree cell (2018-09-11), Telemetry locations aggregated per species per 1-degree cell (2018-09-18), Telemetry locations aggregated per species per 1-degree cell (2018-09-28)"
112470,Whale-Whisperer,"Whalesharkid: 112470 – ""Captain Coral""",31,Male,"Subadult (2013), Unknown (year Unknown)","Mexico (2013), Mexico (year Unknown), United States (2013), United States (year Unknown)",Unknown,"Telemetry locations aggregated per species per 1-degree cell (2010-07-23), Telemetry locations aggregated per species per 1-degree cell (2010-08-17), Telemetry locations aggregated per species per 1-degree cell (2010-08-21), Telemetry locations aggregated per species per 1-degree cell (2010-08-30), Telemetry locations aggregated per species per 1-degree cell (2010-09-08), Telemetry locations aggregated per species per 1-degree cell (2010-09-12), Telemetry locations aggregated per species per 1-degree cell (2010-10-26), Telemetry locations aggregated per species per 1-degree cell (2010-10-28), Telemetry locations aggregated per species per 1-degree cell (2010-10-30), Telemetry locations aggregated per species per 1-degree cell (2010-11-21), Telemetry locations aggregated per species per 1-degree cell (2010-11-22), Telemetry locations aggregated per species per 1-degree cell (2010-11-25), Telemetry locations aggregated per species per 1-degree cell (2010-12-01), Telemetry locations aggregated per species per 1-degree cell (2010-12-04), Telemetry locations aggregated per species per 1-degree cell (2010-12-10), Telemetry locations aggregated per species per 1-degree cell (2010-12-23), Telemetry locations aggregated per species per 1-degree cell (2010-12-26), Telemetry locations aggregated per species per 1-degree cell (2011-02-12), Telemetry locations aggregated per species per 1-degree cell (2013-08-04), Telemetry locations aggregated per species per 1-degree cell (2013-08-07), Telemetry locations aggregated per species per 1-degree cell (2013-08-14), Telemetry locations aggregated per species per 1-degree cell (2013-08-19), Telemetry locations aggregated per species per 1-degree cell (2013-08-28), Telemetry locations aggregated per species per 1-degree cell (2013-09-01), Telemetry locations aggregated per species per 1-degree cell (2013-09-19), Telemetry locations aggregated per species per 1-degree cell (2013-09-20), Telemetry locations aggregated per species per 1-degree cell (2013-09-24), Telemetry locations aggregated per species per 1-degree cell (2013-10-05), Telemetry locations aggregated per species per 1-degree cell (2013-10-06), Telemetry locations aggregated per species per 1-degree cell (2013-10-31)"
Sebas,Seahorse Whisperer,Ecuadorino Splash,34,Unknown,Unknown (2016),Ecuador (2016),Unknown,Unknown
57821,Whalelicious,Sirena Skydancer,35,Female,"Subadult (2018), Subadult (year Unknown), Unknown (year Unknown)","Australia (year Unknown), Christmas Island (2018), Cocos (Keeling) Islands (2018)",Unknown,"Telemetry locations aggregated per species per 1-degree cell (2016-06-01), Telemetry locations aggregated per species per 1-degree cell (2016-06-03), Telemetry locations aggregated per species per 1-degree cell (2016-06-07), Telemetry locations aggregated per species per 1-degree cell (2016-06-14), Telemetry locations aggregated per species per 1-degree cell (2017-06-07), Telemetry locations aggregated per species per 1-degree cell (2018-08-02), Telemetry locations aggregated per species per 1-degree cell (2018-08-06), Telemetry locations aggregated per species per 1-degree cell (2018-08-10), Telemetry locations aggregated per species per 1-degree cell (2018-08-13), Telemetry locations aggregated per species per 1-degree cell (2018-08-14), Telemetry locations aggregated per species per 1-degree cell (2018-08-15), Telemetry locations aggregated per species per 1-degree cell (2018-08-16), Telemetry locations aggregated per species per 1-degree cell (2018-08-19), Telemetry locations aggregated per species per 1-degree cell (2018-08-21), Telemetry locations aggregated per species per 1-degree cell (2018-08-26), Telemetry locations aggregated per species per 1-degree cell (2018-08-30), Telemetry locations aggregated per species per 1-degree cell (2018-08-31), Telemetry locations aggregated per species per 1-degree cell (2018-09-02), Telemetry locations aggregated per species per 1-degree cell (2018-09-05), Telemetry locations aggregated per species per 1-degree cell (2018-09-07), Telemetry locations aggregated per species per 1-degree cell (2018-09-25), Telemetry locations aggregated per species per 1-degree cell (2018-09-28), Telemetry locations aggregated per species per 1-degree cell (2018-10-01), Telemetry locations aggregated per species per 1-degree cell (2018-10-02), Telemetry locations aggregated per species per 1-degree cell (2018-10-04), Telemetry locations aggregated per species per 1-degree cell (2018-10-10)"
A69-9001-19499,The Rainbow Whale Shark,Aussie Glittermiss,36,Female,"Unknown (2016), Unknown (2017)","Australia (2016), Australia (2017)",Unknown,Release of animal (2016-06-02)
A69-9002-11970,Whalesharkid: A69-9002-11970,Aussie Glittermiss,36,Female,"Unknown (2015), Unknown (2016)","Australia (2015), Australia (2016)",Unknown,Release of animal (2015-06-01)
A69-1303-64094,Whalelicious:,Aussie Roary,39,Male,"Unknown (2011), Unknown (2012)","Australia (2011), Australia (2012)",Unknown,Release of animal (2011-03-31)
108106,Whale-Whisperer,Groovy Glider,48,Unknown,"Unknown (2011), Unknown (2015), Unknown (2016)","Colombia (2015), Costa Rica (2015), Ecuador (2015), Peru (2016)",Unknown,Unknown
131986,Whalelicious:,BajaBliss,51,Unknown,Unknown (2013),Ecuador (2013),Unknown,Unknown
Margarita,Unnamed,Unnamed,57,Unknown,Unknown (2015),Ecuador (2015),Unknown,Unknown
A69-9002-11974,Unnamed,Unnamed,58,Male,"Unknown (2015), Unknown (2016)","Australia (2015), Australia (2016)",Unknown,Release of animal (2015-06-01)
A69-9001-28406,Whirling Wanderer:,Finley Flicker,59,Unknown,Unknown (2013),Australia (2013),Unknown,Release of animal (2013-04-09)
Kamila,Kamila: The Enigma Whale Shark,"{""can"": false, ""explanation"": ""Speed zips right past obstacles; being fast outmatches static blocks."", ""firstEmoji"": ""🚧"", ""secondEmoji"": ""⚡""}",67,Unknown,"Unknown (2011), Unknown (2015)",Ecuador (2015),Unknown,Unknown
A69-9001-28408,Whale-licious:,Finley Flicker,71,Unknown,Unknown (2013),Australia (2013),Unknown,Release of animal (2013-04-10)
A69-9001-28405,Whalelicious,Finley Flicker,71,Unknown,Unknown (2013),Australia (2013),Unknown,Release of animal (2013-04-09)
Eduarda,Whale Whisperer:,Ecuadiva,72,Unknown,Unknown (2015),Ecuador (2015),Unknown,Unknown
Jaws,Whalelicious,Glimmerscale Jaws,73,Unknown,"Unknown (2011), Unknown (2015)","Costa Rica (2015), Ecuador (2015), Peru (2015)",Unknown,Unknown
132074,Whalelicious,WhaleRiders,82,Unknown,Unknown (2015),"Costa Rica (2015), Ecuador (2015), Peru (2015)",Unknown,Unknown
A69-9001-19476,Whalelicious,Aussie Glider,88,Male,"Unknown (2016), Unknown (2017), Unknown (2018)","Australia (2016), Australia (2017), Australia (2018)",Unknown,Release of animal (2016-06-03)
A69-1303-64093,:Whale-Whisperer,Aussie Roary,88,Male,"Unknown (2011), Unknown (2012)","Australia (2011), Australia (2012)",Unknown,Release of animal (2011-03-31)
139124,Whalelicious,BajaBliss,91,Unknown,Unknown (2014),Ecuador (2014),Unknown,Unknown
Nati,Nati the Enigma,Whalesharkid: Nati,92,Unknown,"Unknown (2013), Unknown (2016), Unknown (2017)",Ecuador (2016),Unknown,Unknown
Michelle,Whalelicious: Ophelia,"Whalesharkid: Michelle, the Mystery Voyager",97,Unknown,Unknown (2016),Ecuador (2016),Unknown,Unknown
George,Whalelicious George,Glimmerwave,106,Unknown,"Unknown (2011), Unknown (2015), Unknown (2016)","Colombia (2015), Ecuador (2015), Ecuador (2016)",Unknown,Unknown
140649,Whalelicious:,BajaBliss,121,Unknown,Unknown (2014),Ecuador (2014),Unknown,Unknown
Cindy,Whalesharkid Cindy:,Whalesharkid: Cindy,130,Unknown,"Unknown (2012), Unknown (2016)","Ecuador (2012), Ecuador (2016)",Unknown,Unknown
QueenMabel,WhaleMabel,Whalesharkid: QueenMabel,133,Unknown,"Unknown (2012), Unknown (2016)",Ecuador (2016),Unknown,Unknown
Kimberly,":Kimberly Whale, the Wanderer, is a mesmerizing creature who has embarked on an odyssey through the oceans, seeking adventure and enlightenment. The whale shark's vibrant coloration and enigmatic nature have captivated the hearts of all who have encountered it.",Twinklefin Kimberly,232,Unknown,"Unknown (2011), Unknown (2015)",Ecuador (2015),Unknown,Unknown
Alicia,Floya: The Enigma Whale,Whalesharkid: Alicia,255,Unknown,"Unknown (2012), Unknown (2016)","Costa Rica (2016), Ecuador (2012), Ecuador (2016)",Unknown,Unknown
Karol,Whale-licious Karoo,Swimmy Mystique,328,Unknown,"Unknown (2012), Unknown (2016), Unknown (2017)","Colombia (2016), Colombia (2017), Costa Rica (2012), Costa Rica (2016), Ecuador (2016), Panama (2017)",Unknown,Unknown
Karla,:Karla the Whale Shark,Whalesharkid: Kaleido Splash,525,Unknown,"Unknown (2011), Unknown (2015), Unknown (2016)","Colombia (2015), Ecuador (2011), Ecuador (2015), Peru (2011), Peru (2015), Peru (2016)",Unknown,Unknown
