whaleSharkID,Total Occurrences,sex,lifeStage,country
579995792,1,Unknown,Adult (2025),Australia (2025)
580647077,1,Unknown,Adult (2025),Mexico (2025)
581272702,1,Unknown,Adult (2025),Mexico (2025)
585714282,1,Unknown,Unknown (2025),Philippines (2025)
588682785,1,Unknown,Adult (2025),Philippines (2025)
589011770,1,Unknown,Unknown (2025),Mexico (2025)
600225333,1,Unknown,Unknown (2025),Mexico (2025)
600252316,1,Unknown,Unknown (2025),Mexico (2025)
590655539,1,Unknown,Unknown (2025),New Zealand (2025)
594241555,1,Unknown,Unknown (2025),Maldives (2025)
594436143,1,Unknown,Unknown (2025),Mexico (2025)
597700124,1,Unknown,Unknown (2025),Mozambique (2025)
601310921,1,Unknown,Unknown (2025),Philippines (2025)
602579553,1,Unknown,Unknown (2025),New Zealand (2025)
440789997,1,Unknown,Unknown (2024),Philippines (2024)
444117700,1,Unknown,Unknown (2024),Mexico (2024)
445016656,1,Unknown,Unknown (2024),Thailand (2024)
445761012,1,Female,Juvenile (2024),Australia (2024)
447501452,1,Unknown,Juvenile (2024),New Zealand (2024)
447786867,1,Unknown,Unknown (2024),Unknown
448639873,1,Unknown,Unknown (2024),Panama (2024)
450982397,1,Unknown,Unknown (2024),New Zealand (2024)
452712083,1,Unknown,Unknown (2024),Maldives (2024)
482465967,1,Unknown,Unknown (2024),Mexico (2024)
501144456,1,Unknown,Unknown (2024),Philippines (2024)
501144458,1,Unknown,Unknown (2024),Philippines (2024)
501144460,1,Unknown,Unknown (2024),Philippines (2024)
501144466,1,Unknown,Unknown (2024),Philippines (2024)
502710059,1,Unknown,Unknown (2024),Indonesia (2024)
450883396,1,Unknown,Unknown (2024),New Zealand (2024)
450885485,1,Unknown,Unknown (2024),New Zealand (2024)
450885486,1,Unknown,Unknown (2024),New Zealand (2024)
451831899,1,Unknown,Unknown (2024),Philippines (2024)
452040850,1,Unknown,Unknown (2024),Indonesia (2024)
452619042,1,Unknown,Unknown (2024),Philippines (2024)
453360643,1,Unknown,Unknown (2024),United States (2024)
453419293,1,Unknown,Unknown (2024),Indonesia (2024)
454602885,1,Unknown,Unknown (2024),New Zealand (2024)
455383172,1,Unknown,Unknown (2024),Mexico (2024)
466774865,1,Unknown,Unknown (2024),Maldives (2024)
518112839,1,Unknown,Unknown (2024),Kenya (2024)
582832938,1,Unknown,Unknown (2024),Costa Rica (2024)
458708158,1,Unknown,Unknown (2024),Mexico (2024)
458759020,1,Unknown,Unknown (2024),Maldives (2024)
459295721,1,Unknown,Juvenile (2024),Philippines (2024)
459486638,1,Unknown,Unknown (2024),Mexico (2024)
462014837,1,Unknown,Unknown (2024),Mexico (2024)
469943306,1,Unknown,Unknown (2024),Mexico (2024)
471492435,1,Unknown,Unknown (2024),Australia (2024)
471492438,1,Unknown,Unknown (2024),Australia (2024)
472623316,1,Unknown,Unknown (2024),Mexico (2024)
472854570,1,Unknown,Unknown (2024),Indonesia (2024)
484428761,1,Unknown,Unknown (2024),Philippines (2024)
497352548,1,Unknown,Unknown (2024),Maldives (2024)
497767998,1,Unknown,Unknown (2024),Maldives (2024)
585685014,1,Unknown,Juvenile (2024),Mexico (2024)
585688500,1,Unknown,Unknown (2024),Mexico (2024)
467038627,1,Unknown,Unknown (2024),Australia (2024)
471830814,1,Unknown,Unknown (2024),Mexico (2024)
471837830,1,Unknown,Juvenile (2024),Mexico (2024)
472540374,1,Unknown,Unknown (2024),Mexico (2024)
472540320,1,Unknown,Unknown (2024),Mexico (2024)
473077114,1,Unknown,Unknown (2024),Qatar (2024)
473388034,1,Unknown,Unknown (2024),India (2024)
481097900,1,Unknown,Unknown (2024),Mexico (2024)
481099406,1,Unknown,Unknown (2024),Mexico (2024)
549686638,1,Unknown,Unknown (2024),Australia (2024)
589346574,1,Unknown,Unknown (2024),Maldives (2024)
590424690,1,Unknown,Unknown (2024),Philippines (2024)
482616254,1,Unknown,Unknown (2024),Australia (2024)
483495080,1,Unknown,Unknown (2024),Qatar (2024)
486027147,1,Unknown,Unknown (2024),Maldives (2024)
487725075,1,Unknown,Unknown (2024),Mexico (2024)
489025911,1,Unknown,Unknown (2024),Philippines (2024)
489085733,1,Unknown,Juvenile (2024),Indonesia (2024)
494685508,1,Unknown,Unknown (2024),Australia (2024)
495870519,1,Female,Juvenile (2024),Philippines (2024)
519365756,1,Unknown,Unknown (2024),Australia (2024)
501275467,1,Unknown,Unknown (2024),Cuba (2024)
503412499,1,Unknown,Unknown (2024),Australia (2024)
503464783,1,Unknown,Unknown (2024),Australia (2024)
503464812,1,Unknown,Unknown (2024),Australia (2024)
503464827,1,Unknown,Unknown (2024),Australia (2024)
503464830,1,Unknown,Unknown (2024),Australia (2024)
503464833,1,Unknown,Unknown (2024),Australia (2024)
503822254,1,Unknown,Unknown (2024),Australia (2024)
503822255,1,Unknown,Unknown (2024),Australia (2024)
503822256,1,Unknown,Unknown (2024),Australia (2024)
505745212,1,Unknown,Unknown (2024),Indonesia (2024)
508829985,1,Unknown,Unknown (2024),Mexico (2024)
505986569,1,Unknown,Unknown (2024),Mexico (2024)
506563223,1,Unknown,Adult (2024),Australia (2024)
509369833,1,Unknown,Unknown (2024),Mexico (2024)
513325478,1,Unknown,Unknown (2024),Philippines (2024)
515635656,1,Unknown,Unknown (2024),Ecuador (2024)
518611582,1,Unknown,Unknown (2024),Indonesia (2024)
547368095,1,Unknown,Unknown (2024),Australia (2024)
593477055,1,Unknown,Unknown (2024),Philippines (2024)
599201621,1,Unknown,Unknown (2024),Mozambique (2024)
511316933,1,Unknown,Unknown (2024),Mexico (2024)
512314941,1,Unknown,Unknown (2024),Mexico (2024)
514591551,1,Unknown,Adult (2024),Australia (2024)
514592216,1,Unknown,Adult (2024),Australia (2024)
516247491,1,Unknown,Unknown (2024),Philippines (2024)
516277853,1,Unknown,Unknown (2024),Australia (2024)
521583774,1,Unknown,Unknown (2024),Philippines (2024)
521583748,1,Unknown,Unknown (2024),Philippines (2024)
528543483,1,Unknown,Unknown (2024),Australia (2024)
537113515,1,Unknown,Unknown (2024),Honduras (2024)
579856329,1,Unknown,Unknown (2024),Philippines (2024)
579856331,1,Unknown,Unknown (2024),Philippines (2024)
579856334,1,Unknown,Unknown (2024),Philippines (2024)
579859102,1,Unknown,Unknown (2024),Philippines (2024)
579856340,1,Unknown,Unknown (2024),Philippines (2024)
579856350,1,Unknown,Unknown (2024),Philippines (2024)
579856362,1,Unknown,Unknown (2024),Philippines (2024)
591306657,1,Unknown,Unknown (2024),Mexico (2024)
595834814,1,Unknown,Unknown (2024),Philippines (2024)
525766371,1,Unknown,Unknown (2024),Seychelles (2024)
527830836,1,Unknown,Unknown (2024),Philippines (2024)
528070170,1,Unknown,Unknown (2024),Saudi Arabia (2024)
528646572,1,Female,Unknown (2024),Maldives (2024)
529152601,1,Unknown,Unknown (2024),Philippines (2024)
530590192,1,Unknown,Unknown (2024),Mexico (2024)
531623829,1,Unknown,Juvenile (2024),Philippines (2024)
532028089,1,Unknown,Unknown (2024),Thailand (2024)
532492528,1,Unknown,Unknown (2024),Australia (2024)
534066203,1,Unknown,Adult (2024),Mexico (2024)
538357896,1,Unknown,Unknown (2024),Portugal (2024)
545621090,1,Unknown,Unknown (2024),Mexico (2024)
545767064,1,Unknown,Unknown (2024),Seychelles (2024)
545767068,1,Unknown,Unknown (2024),Seychelles (2024)
545767069,1,Unknown,Unknown (2024),Seychelles (2024)
549261788,1,Unknown,Unknown (2024),Mexico (2024)
549262627,1,Unknown,Unknown (2024),Mexico (2024)
549263068,1,Unknown,Unknown (2024),Mexico (2024)
549263905,1,Unknown,Unknown (2024),Mexico (2024)
549265286,1,Unknown,Unknown (2024),Mexico (2024)
549270822,1,Unknown,Unknown (2024),Mexico (2024)
557210899,1,Unknown,Unknown (2024),Saudi Arabia (2024)
581674895,1,Unknown,Unknown (2024),Tanzania (2024)
592804009,1,Female,Juvenile (2024),Mexico (2024)
537683622,1,Unknown,Unknown (2024),Mexico (2024)
537683628,1,Unknown,Unknown (2024),Mexico (2024)
538735271,1,Unknown,Unknown (2024),Madagascar (2024)
546723318,1,Unknown,Unknown (2024),Seychelles (2024)
547841012,1,Unknown,Unknown (2024),Tanzania (2024)
550181768,1,Unknown,Unknown (2024),Australia (2024)
557969144,1,Unknown,Unknown (2024),Seychelles (2024)
565624613,1,Unknown,Unknown (2024),Indonesia (2024)
550459077,1,Unknown,Unknown (2024),Madagascar (2024)
553443722,1,Unknown,Unknown (2024),Madagascar (2024)
554543385,1,Unknown,Unknown (2024),Australia (2024)
554559459,1,Unknown,Unknown (2024),Malaysia (2024)
556044308,1,Unknown,Unknown (2024),Indonesia (2024)
556332348,1,Unknown,Unknown (2024),Indonesia (2024)
558747158,1,Unknown,Unknown (2024),Indonesia (2024)
559632466,1,Unknown,Unknown (2024),Australia (2024)
562030152,1,Unknown,Unknown (2024),Seychelles (2024)
564205195,1,Unknown,Unknown (2024),Australia (2024)
565002817,1,Unknown,Unknown (2024),Mozambique (2024)
572366560,1,Unknown,Unknown (2024),Timor-Leste (2024)
573239066,1,Unknown,Unknown (2024),Indonesia (2024)
564316462,1,Unknown,Unknown (2024),Mexico (2024)
564345340,1,Unknown,Unknown (2024),Maldives (2024)
569559248,1,Unknown,Unknown (2024),Mexico (2024)
570990907,1,Unknown,Unknown (2024),Mexico (2024)
571074848,1,Unknown,Unknown (2024),Indonesia (2024)
573214273,1,Male,Juvenile (2024),Indonesia (2024)
571260368,1,Unknown,Unknown (2024),Indonesia (2024)
571762138,1,Unknown,Unknown (2024),Maldives (2024)
571911556,1,Unknown,Adult (2024),Mexico (2024)
572353324,1,Unknown,Unknown (2024),Timor-Leste (2024)
574952848,1,Unknown,Unknown (2024),Mexico (2024)
575120758,1,Unknown,Unknown (2024),Indonesia (2024)
575152496,1,Unknown,Unknown (2024),Maldives (2024)
576085600,1,Unknown,Unknown (2024),Mexico (2024)
577899545,1,Unknown,Unknown (2024),Philippines (2024)
578008984,1,Unknown,Unknown (2024),Honduras (2024)
578204290,1,Unknown,Unknown (2024),Seychelles (2024)
578204357,1,Unknown,Unknown (2024),Seychelles (2024)
578204443,1,Unknown,Unknown (2024),Seychelles (2024)
578634487,1,Unknown,Unknown (2024),United States (2024)
578687736,1,Unknown,Unknown (2024),Mexico (2024)
580422774,1,Unknown,Unknown (2024),Mexico (2024)
600061909,1,Unknown,Unknown (2024),Philippines (2024)
327125684,1,Unknown,Unknown (2023),Indonesia (2023)
327125646,1,Unknown,Unknown (2023),Indonesia (2023)
329385920,1,Unknown,Unknown (2023),Ecuador (2023)
329688862,1,Unknown,Juvenile (2023),New Zealand (2023)
330811987,1,Unknown,Unknown (2023),Mexico (2023)
374377598,1,Unknown,Unknown (2023),Mexico (2023)
333879575,1,Unknown,Unknown (2023),Indonesia (2023)
337367937,1,Unknown,Unknown (2023),Philippines (2023)
337525202,1,Unknown,Unknown (2023),Philippines (2023)
342896134,1,Unknown,Unknown (2023),Maldives (2023)
439630298,1,Unknown,Unknown (2023),Maldives (2023)
339919977,1,Unknown,Unknown (2023),Ecuador (2023)
340925297,1,Unknown,Juvenile (2023),Australia (2023)
344647418,1,Unknown,Unknown (2023),Australia (2023)
346285327,1,Unknown,Unknown (2023),Maldives (2023)
392687816,1,Unknown,Unknown (2023),Mexico (2023)
434066668,1,Unknown,Unknown (2023),Egypt (2023)
434258255,1,Unknown,Unknown (2023),Mexico (2023)
434258264,1,Unknown,Unknown (2023),Mexico (2023)
444180660,1,Unknown,Juvenile (2023),Maldives (2023)
524986335,1,Unknown,Adult (2023),Maldives (2023)
347448613,1,Unknown,Unknown (2023),Philippines (2023)
349998094,1,Unknown,Unknown (2023),Unknown
350506081,1,Unknown,Unknown (2023),Mexico (2023)
352967269,1,Unknown,Unknown (2023),Saudi Arabia (2023)
354640149,1,Unknown,Unknown (2023),Sri Lanka (2023)
354641463,1,Unknown,Unknown (2023),Australia (2023)
355209545,1,Unknown,Juvenile (2023),Australia (2023)
359472592,1,Unknown,Juvenile (2023),Mexico (2023)
359478114,1,Unknown,Juvenile (2023),Mexico (2023)
359479076,1,Unknown,Juvenile (2023),Mexico (2023)
441638821,1,Unknown,Unknown (2023),Mexico (2023)
462817661,1,Unknown,Unknown (2023),Australia (2023)
487010824,1,Unknown,Unknown (2023),New Caledonia (2023)
506664576,1,Unknown,Unknown (2023),Indonesia (2023)
566791235,1,Unknown,Unknown (2023),Australia (2023)
358746992,1,Unknown,Juvenile (2023),Mexico (2023)
359475690,1,Unknown,Juvenile (2023),Mexico (2023)
361906064,1,Unknown,Unknown (2023),Mexico (2023)
366482397,1,Unknown,Adult (2023),Mexico (2023)
391083234,1,Unknown,Unknown (2023),Mexico (2023)
413431922,1,Female,Adult (2023),Indonesia (2023)
371224840,1,Unknown,Adult (2023),Australia (2023)
371660677,1,Unknown,Adult (2023),Australia (2023)
372941403,1,Unknown,Unknown (2023),Australia (2023)
374829912,1,Unknown,Unknown (2023),Australia (2023)
374962815,1,Male,Juvenile (2023),Malaysia (2023)
380456737,1,Unknown,Adult (2023),Taiwan (2023)
387834534,1,Unknown,Unknown (2023),Philippines (2023)
392298922,1,Unknown,Unknown (2023),Mexico (2023)
409020047,1,Unknown,Unknown (2023),Mexico (2023)
439545760,1,Unknown,Unknown (2023),Philippines (2023)
484210951,1,Unknown,Unknown (2023),Indonesia (2023)
551619319,1,Unknown,Unknown (2023),Mexico (2023)
381241775,1,Unknown,Adult (2023),Mozambique (2023)
381477193,1,Unknown,Adult (2023),Mexico (2023)
384365573,1,Unknown,Unknown (2023),Mexico (2023)
384488791,1,Unknown,Unknown (2023),Ecuador (2023)
384902403,1,Unknown,Unknown (2023),Mexico (2023)
384952267,1,Unknown,Unknown (2023),Australia (2023)
385166599,1,Unknown,Unknown (2023),Mexico (2023)
385838210,1,Unknown,Adult (2023),Malaysia (2023)
386915607,1,Unknown,Unknown (2023),Mexico (2023)
387416311,1,Unknown,Unknown (2023),Mexico (2023)
388745002,1,Unknown,Unknown (2023),Mexico (2023)
390215462,1,Unknown,Unknown (2023),Mexico (2023)
390374150,1,Unknown,Unknown (2023),Mexico (2023)
391250020,1,Unknown,Unknown (2023),Philippines (2023)
391229543,1,Unknown,Unknown (2023),Philippines (2023)
394791376,1,Unknown,Unknown (2023),Mexico (2023)
396716103,1,Unknown,Unknown (2023),Australia (2023)
398680608,1,Unknown,Unknown (2023),Mexico (2023)
434391715,1,Unknown,Unknown (2023),Mexico (2023)
434392249,1,Unknown,Unknown (2023),Mexico (2023)
448338213,1,Unknown,Unknown (2023),Philippines (2023)
534462282,1,Unknown,Unknown (2023),Mexico (2023)
392873934,1,Unknown,Unknown (2023),Mexico (2023)
395148496,1,Unknown,Unknown (2023),Mexico (2023)
395721763,1,Unknown,Unknown (2023),Saudi Arabia (2023)
398212187,1,Unknown,Unknown (2023),United States (2023)
397913419,1,Unknown,Unknown (2023),United States (2023)
397912969,1,Unknown,Unknown (2023),United States (2023)
398137639,1,Unknown,Unknown (2023),United States (2023)
398145478,1,Unknown,Unknown (2023),United States (2023)
398153378,1,Unknown,Unknown (2023),Mexico (2023)
399040878,1,Unknown,Unknown (2023),United States (2023)
399618603,1,Unknown,Unknown (2023),Mexico (2023)
402845726,1,Unknown,Unknown (2023),Mexico (2023)
402935021,1,Unknown,Unknown (2023),Thailand (2023)
404799295,1,Unknown,Adult (2023),Ecuador (2023)
407379880,1,Unknown,Adult (2023),Indonesia (2023)
414154852,1,Unknown,Unknown (2023),Indonesia (2023)
414155431,1,Unknown,Unknown (2023),Indonesia (2023)
414157836,1,Unknown,Unknown (2023),Indonesia (2023)
414159024,1,Unknown,Unknown (2023),Indonesia (2023)
414159939,1,Unknown,Unknown (2023),Indonesia (2023)
414162469,1,Unknown,Unknown (2023),Indonesia (2023)
416451802,1,Unknown,Unknown (2023),Mexico (2023)
420066869,1,Unknown,Unknown (2023),Australia (2023)
453328797,1,Unknown,Unknown (2023),United States (2023)
548990074,1,Unknown,Unknown (2023),United States (2023)
406273837,1,Unknown,Unknown (2023),Mexico (2023)
407072123,1,Unknown,Unknown (2023),United States (2023)
407245280,1,Unknown,Unknown (2023),United States (2023)
407488339,1,Unknown,Unknown (2023),United States (2023)
407843236,1,Unknown,Adult (2023),United States (2023)
408656833,1,Unknown,Unknown (2023),United States (2023)
410457982,1,Unknown,Unknown (2023),Mexico (2023)
413272984,1,Unknown,Unknown (2023),Mexico (2023)
413272988,1,Unknown,Unknown (2023),Mexico (2023)
413273001,1,Unknown,Unknown (2023),Mexico (2023)
413273011,1,Unknown,Unknown (2023),Mexico (2023)
416415864,1,Unknown,Unknown (2023),Mexico (2023)
433973843,1,Unknown,Unknown (2023),Maldives (2023)
435331648,1,Unknown,Adult (2023),Philippines (2023)
471536623,1,Unknown,Unknown (2023),Portugal (2023)
471804554,1,Unknown,Unknown (2023),Mexico (2023)
472997628,1,Unknown,Unknown (2023),Mexico (2023)
500196798,1,Unknown,Juvenile (2023),Mexico (2023)
585636628,1,Unknown,Juvenile (2023),Philippines (2023)
415096867,1,Unknown,Unknown (2023),Saudi Arabia (2023)
418814053,1,Unknown,Unknown (2023),Indonesia (2023)
419589228,1,Unknown,Unknown (2023),Mexico (2023)
421918749,1,Unknown,Unknown (2023),Maldives (2023)
428105948,1,Unknown,Unknown (2023),Philippines (2023)
439097682,1,Unknown,Unknown (2023),Madagascar (2023)
442100832,1,Unknown,Unknown (2023),Madagascar (2023)
471813349,1,Unknown,Unknown (2023),Mexico (2023)
527177818,1,Unknown,Unknown (2023),Indonesia (2023)
549557901,1,Unknown,Unknown (2023),Madagascar (2023)
424986306,1,Unknown,Unknown (2023),Maldives (2023)
425675836,1,Unknown,Unknown (2023),Maldives (2023)
426151580,1,Unknown,Unknown (2023),Philippines (2023)
426544470,1,Unknown,Unknown (2023),Philippines (2023)
428378588,1,Unknown,Unknown (2023),Indonesia (2023)
429175389,1,Unknown,Juvenile (2023),Myanmar (2023)
433626316,1,Unknown,Unknown (2023),Philippines (2023)
434016713,1,Unknown,Unknown (2023),Australia (2023)
434824177,1,Unknown,Unknown (2023),Tanzania (2023)
438473060,1,Unknown,Unknown (2023),Egypt (2023)
441841958,1,Unknown,Unknown (2023),Madagascar (2023)
551991543,1,Unknown,Unknown (2023),Madagascar (2023)
432517426,1,Unknown,Unknown (2023),Unknown
435893509,1,Unknown,Unknown (2023),Mexico (2023)
440661832,1,Unknown,Unknown (2023),Kenya (2023)
444318472,1,Unknown,Unknown (2023),Mexico (2023)
455533921,1,Unknown,Unknown (2023),Maldives (2023)
232397263,1,Unknown,Unknown (2022),Maldives (2022)
233887957,1,Unknown,Juvenile (2022),New Zealand (2022)
235173018,1,Unknown,Unknown (2022),United States (2022)
237611513,1,Unknown,Unknown (2022),Mexico (2022)
238212177,1,Unknown,Unknown (2022),Mexico (2022)
238803313,1,Unknown,Unknown (2022),Mexico (2022)
239247912,1,Unknown,Unknown (2022),Mexico (2022)
265241828,1,Unknown,Unknown (2022),Maldives (2022)
289711431,1,Unknown,Unknown (2022),Maldives (2022)
290842897,1,Unknown,Juvenile (2022),Mexico (2022)
405180726,1,Unknown,Unknown (2022),Maldives (2022)
241060671,1,Unknown,Unknown (2022),Philippines (2022)
241163866,1,Unknown,Unknown (2022),Mexico (2022)
242099180,1,Unknown,Unknown (2022),Mexico (2022)
242686004,1,Unknown,Unknown (2022),Mexico (2022)
242686028,1,Unknown,Unknown (2022),Mexico (2022)
244274133,1,Unknown,Unknown (2022),Costa Rica (2022)
245459632,1,Unknown,Unknown (2022),Mexico (2022)
250150400,1,Unknown,Unknown (2022),Colombia (2022)
258836433,1,Female,Adult (2022),Mexico (2022)
246579442,1,Unknown,Unknown (2022),Mexico (2022)
247555597,1,Unknown,Unknown (2022),Kenya (2022)
250729661,1,Unknown,Unknown (2022),United States (2022)
252842361,1,Unknown,Unknown (2022),Australia (2022)
255572716,1,Unknown,Unknown (2022),Colombia (2022)
261362231,1,Unknown,Unknown (2022),Maldives (2022)
274082654,1,Unknown,Unknown (2022),Philippines (2022)
258792146,1,Unknown,Unknown (2022),Bermuda (2022)
347006914,1,Unknown,Unknown (2022),Oman (2022)
435275737,1,Unknown,Unknown (2022),Maldives (2022)
273754699,1,Unknown,Unknown (2022),Mexico (2022)
274378782,1,Unknown,Unknown (2022),Mexico (2022)
274378784,1,Unknown,Unknown (2022),Mexico (2022)
274378785,1,Unknown,Unknown (2022),Mexico (2022)
274378786,1,Unknown,Unknown (2022),Mexico (2022)
276529286,1,Unknown,Unknown (2022),Mexico (2022)
560802858,1,Unknown,Unknown (2022),Mexico (2022)
277371011,1,Unknown,Unknown (2022),Mexico (2022)
282145885,1,Unknown,Unknown (2022),Mexico (2022)
282824639,1,Unknown,Unknown (2022),Mexico (2022)
286278460,1,Unknown,Unknown (2022),Australia (2022)
288253761,1,Unknown,Unknown (2022),Australia (2022)
374507034,1,Unknown,Unknown (2022),Mexico (2022)
286887280,1,Unknown,Unknown (2022),Mexico (2022)
289318111,1,Unknown,Adult (2022),Australia (2022)
290639374,1,Unknown,Unknown (2022),Mexico (2022)
295767595,1,Unknown,Unknown (2022),Mexico (2022)
297158315,1,Unknown,Unknown (2022),Philippines (2022)
315690571,1,Unknown,Unknown (2022),Mexico (2022)
316054427,1,Unknown,Unknown (2022),Indonesia (2022)
377805269,1,Unknown,Adult (2022),Mexico (2022)
294820871,1,Unknown,Unknown (2022),Ecuador (2022)
296662694,1,Unknown,Unknown (2022),Philippines (2022)
297890607,1,Unknown,Unknown (2022),Portugal (2022)
298113812,1,Unknown,Unknown (2022),Mexico (2022)
300194218,1,Unknown,Unknown (2022),Maldives (2022)
305092865,1,Unknown,Adult (2022),Maldives (2022)
308894553,1,Female,Adult (2022),Maldives (2022)
366814940,1,Unknown,Unknown (2022),Mexico (2022)
601215498,1,Unknown,Unknown (2022),Australia (2022)
303014602,1,Unknown,Unknown (2022),Unknown
303749426,1,Unknown,Adult (2022),Australia (2022)
305274283,1,Unknown,Unknown (2022),Madagascar (2022)
310847776,1,Unknown,Unknown (2022),Australia (2022)
392364349,1,Unknown,Unknown (2022),Seychelles (2022)
426479973,1,Unknown,Unknown (2022),Malaysia (2022)
601214723,1,Unknown,Unknown (2022),Australia (2022)
311241927,1,Unknown,Unknown (2022),Egypt (2022)
313141421,1,Unknown,Unknown (2022),Tanzania (2022)
314849146,1,Unknown,Unknown (2022),Philippines (2022)
316590295,1,Unknown,Unknown (2022),Panama (2022)
316796877,1,Unknown,Unknown (2022),Mexico (2022)
328869119,1,Unknown,Unknown (2022),Maldives (2022)
347996580,1,Unknown,Unknown (2022),Mexico (2022)
391785206,1,Unknown,Unknown (2022),Mexico (2022)
392364368,1,Unknown,Unknown (2022),Seychelles (2022)
424118073,1,Unknown,Unknown (2022),Maldives (2022)
550862241,1,Unknown,Juvenile (2022),Maldives (2022)
321709666,1,Unknown,Unknown (2022),Mexico (2022)
321820926,1,Unknown,Juvenile (2022),Mexico (2022)
321820928,1,Unknown,Juvenile (2022),Mexico (2022)
322655898,1,Unknown,Unknown (2022),Mexico (2022)
324459793,1,Unknown,Unknown (2022),Mexico (2022)
325825744,1,Unknown,Unknown (2022),Mexico (2022)
337263775,1,Unknown,Unknown (2022),Philippines (2022)
337412290,1,Unknown,Unknown (2022),Christmas Island (2022)
2022_WS108,1,Female,Unknown (2022),Australia (2022)
2022_WS111,1,Male,Unknown (2022),Australia (2022)
2022_WS117,1,Male,Unknown (2022),Australia (2022)
2022_WS121,1,Male,Unknown (2022),Australia (2022)
2022_WS123,1,Male,Unknown (2022),Australia (2022)
2022_WS125,1,Female,Unknown (2022),Australia (2022)
2022_WS137,1,Male,Unknown (2022),Australia (2022)
2022_WS14,1,Male,Unknown (2022),Australia (2022)
2022_WS157,5,Male,Unknown (2022),Australia (2022)
2022_WS21,1,Female,Unknown (2022),Unknown
2022_WS25,1,Male,Unknown (2022),Unknown
2022_WS26,1,Male,Unknown (2022),Unknown
2022_WS3,1,Female,Unknown (2022),Australia (2022)
2022_WS36,5,Male,Unknown (2022),Australia (2022)
2022_WS4,1,Male,Unknown (2022),Australia (2022)
2022_WS43,1,Male,Unknown (2022),Australia (2022)
2022_WS7,1,Female,Unknown (2022),Australia (2022)
2022_WS82,1,Male,Unknown (2022),Australia (2022)
2022_WS91,1,Male,Unknown (2022),Australia (2022)
2022_WS92,1,Female,Unknown (2022),Australia (2022)
2022_WS93,1,Male,Unknown (2022),Australia (2022)
150073380,1,Unknown,Unknown (2021),Tanzania (2021)
151319047,1,Unknown,Juvenile (2021),New Zealand (2021)
153515997,1,Unknown,Unknown (2021),Mexico (2021)
343320451,1,Unknown,Juvenile (2021),Cuba (2021)
154662900,1,Unknown,Unknown (2021),Australia (2021)
162828066,1,Female,Adult (2021),Maldives (2021)
431790674,1,Unknown,Unknown (2021),Egypt (2021)
530785297,1,Unknown,Unknown (2021),Mexico (2021)
159136933,1,Unknown,Adult (2021),Mexico (2021)
160748393,1,Unknown,Unknown (2021),Mexico (2021)
340215598,1,Unknown,Unknown (2021),Indonesia (2021)
419339197,1,Unknown,Unknown (2021),Mexico (2021)
464219585,1,Male,Juvenile (2021),Cameroon (2021)
163655860,1,Male,Juvenile (2021),Australia (2021)
164205405,1,Unknown,Unknown (2021),Mexico (2021)
164610793,1,Unknown,Unknown (2021),Mexico (2021)
164901355,1,Unknown,Unknown (2021),Mexico (2021)
170046711,1,Unknown,Unknown (2021),Mexico (2021)
471884190,1,Unknown,Juvenile (2021),Mexico (2021)
178216981,1,Unknown,Unknown (2021),Ecuador (2021)
203657971,1,Unknown,Juvenile (2021),New Zealand (2021)
258836363,1,Unknown,Adult (2021),Mexico (2021)
183801610,1,Unknown,Unknown (2021),Costa Rica (2021)
193415541,1,Unknown,Adult (2021),Australia (2021)
206930253,1,Unknown,Unknown (2021),Mexico (2021)
242190060,1,Unknown,Unknown (2021),Mexico (2021)
524247854,1,Unknown,Unknown (2021),Maldives (2021)
195006416,1,Unknown,Unknown (2021),Mexico (2021)
195427205,1,Unknown,Unknown (2021),United States (2021)
200642417,1,Unknown,Unknown (2021),Mexico (2021)
200999590,1,Unknown,Unknown (2021),Costa Rica (2021)
201251992,1,Unknown,Unknown (2021),Mexico (2021)
207606172,1,Unknown,Unknown (2021),Mexico (2021)
217766646,1,Unknown,Unknown (2021),Mexico (2021)
224111083,1,Unknown,Unknown (2021),Mexico (2021)
208954223,1,Unknown,Unknown (2021),Australia (2021)
219102510,1,Unknown,Unknown (2021),Thailand (2021)
330356750,1,Unknown,Unknown (2021),Oman (2021)
403103931,1,Unknown,Unknown (2021),Tanzania (2021)
213166315,1,Unknown,Unknown (2021),Tanzania (2021)
214186809,1,Unknown,Unknown (2021),Mexico (2021)
221679444,1,Unknown,Unknown (2021),Mexico (2021)
284960036,1,Unknown,Unknown (2021),United States (2021)
226387216,1,Female,Adult (2021),Australia (2021)
228061821,1,Unknown,Unknown (2021),Madagascar (2021)
228069004,1,Unknown,Unknown (2021),Madagascar (2021)
230051870,1,Unknown,Unknown (2021),Tanzania (2021)
330356765,1,Unknown,Adult (2021),Oman (2021)
418966755,1,Female,Juvenile (2021),Maldives (2021)
514242241,1,Unknown,Unknown (2021),Egypt (2021)
2021_WS114,1,Male,Unknown (2021),Australia (2021)
2021_WS121,5,Female,Unknown (2021),Australia (2021)
2021_WS147,1,Male,Unknown (2021),Australia (2021)
2021_WS16,1,Female,Unknown (2021),Australia (2021)
2021_WS178,1,Female,Unknown (2021),Australia (2021)
2021_WS187,1,Female,Unknown (2021),Australia (2021)
2021_WS19,1,Male,Unknown (2021),Australia (2021)
2021_WS190,1,Female,Unknown (2021),Australia (2021)
2021_WS31,1,Male,Unknown (2021),Australia (2021)
2021_WS38,1,Male,Unknown (2021),Australia (2021)
2021_WS39,1,Female,Unknown (2021),Australia (2021)
2021_WS45,1,Male,Unknown (2021),Australia (2021)
2021_WS64,1,Female,Unknown (2021),Australia (2021)
2021_WS70,5,Male,Unknown (2021),Australia (2021)
2021_WS82,1,Female,Unknown (2021),Australia (2021)
2021_WS9,1,Male,Unknown (2021),Australia (2021)
2021_WS93,1,Male,Unknown (2021),Australia (2021)
304830057,1,Unknown,Juvenile (2020),Mexico (2020)
83004047,1,Unknown,Unknown (2020),Mexico (2020)
84118172,1,Unknown,Unknown (2020),Indonesia (2020)
84306441,1,Unknown,Unknown (2020),Indonesia (2020)
84306661,1,Unknown,Unknown (2020),Indonesia (2020)
84554796,1,Unknown,Unknown (2020),Mexico (2020)
84555017,1,Unknown,Unknown (2020),Mexico (2020)
84696670,1,Unknown,Unknown (2020),Mexico (2020)
84705649,1,Unknown,Unknown (2020),Mexico (2020)
104884582,1,Unknown,Unknown (2020),Panama (2020)
348252869,1,Unknown,Unknown (2020),Tanzania (2020)
88898731,1,Unknown,Unknown (2020),Tanzania (2020)
91109768,1,Unknown,Unknown (2020),Mexico (2020)
93184037,1,Unknown,Unknown (2020),Mexico (2020)
94621518,1,Unknown,Unknown (2020),Thailand (2020)
95268813,1,Unknown,Unknown (2020),Mexico (2020)
96889598,1,Unknown,Unknown (2020),Maldives (2020)
99612700,1,Unknown,Unknown (2020),Maldives (2020)
132623297,1,Unknown,Unknown (2020),Panama (2020)
132801589,1,Unknown,Unknown (2020),Maldives (2020)
464260689,1,Unknown,Unknown (2020),Mexico (2020)
464260690,1,Unknown,Unknown (2020),Mexico (2020)
465014241,1,Unknown,Unknown (2020),Guam (2020)
519621180,1,Unknown,Unknown (2020),Myanmar (2020)
521338705,1,Unknown,Unknown (2020),Thailand (2020)
89835515,1,Unknown,Unknown (2020),Mexico (2020)
102247363,1,Unknown,Unknown (2020),Mexico (2020)
133356421,1,Unknown,Unknown (2020),India (2020)
140335256,1,Unknown,Unknown (2020),Thailand (2020)
148261150,1,Unknown,Unknown (2020),Mexico (2020)
188527627,1,Unknown,Adult (2020),Thailand (2020)
206282231,1,Unknown,Unknown (2020),Panama (2020)
603605361,1,Unknown,Unknown (2020),Philippines (2020)
117558439,1,Unknown,Unknown (2020),United States (2020)
142413378,1,Unknown,Unknown (2020),Mexico (2020)
260836362,1,Female,Adult (2020),Australia (2020)
115479637,1,Unknown,Unknown (2020),Mexico (2020)
116640913,1,Unknown,Unknown (2020),Mexico (2020)
118740444,1,Unknown,Unknown (2020),Mexico (2020)
143048366,1,Unknown,Unknown (2020),Mexico (2020)
173971435,1,Unknown,Unknown (2020),Mexico (2020)
190425878,1,Unknown,Unknown (2020),Malaysia (2020)
303629303,1,Unknown,Unknown (2020),Mexico (2020)
124145534,1,Female,Adult (2020),India (2020)
136006088,1,Unknown,Juvenile (2020),Mozambique (2020)
136006089,1,Female,Juvenile (2020),Mozambique (2020)
154313246,1,Unknown,Unknown (2020),Mexico (2020)
158212716,1,Unknown,Adult (2020),Portugal (2020)
202755749,1,Unknown,Unknown (2020),Malaysia (2020)
445019679,1,Unknown,Unknown (2020),Oman (2020)
130461810,1,Unknown,Unknown (2020),Honduras (2020)
134777735,1,Unknown,Unknown (2020),Oman (2020)
136009978,1,Unknown,Juvenile (2020),Mozambique (2020)
139139055,1,Unknown,Unknown (2020),Mexico (2020)
134266714,1,Unknown,Unknown (2020),Tanzania (2020)
138119795,1,Unknown,Unknown (2020),Mexico (2020)
139748548,1,Unknown,Unknown (2020),Cameroon (2020)
138577118,1,Unknown,Unknown (2020),Bahrain (2020)
138956047,1,Unknown,Unknown (2020),Cameroon (2020)
183730879,1,Unknown,Unknown (2020),Portugal (2020)
189294128,1,Female,Unknown (2020),Thailand (2020)
190435394,1,Unknown,Unknown (2020),Malaysia (2020)
238029851,1,Unknown,Unknown (2020),Tanzania (2020)
140494702,1,Unknown,Unknown (2020),United Arab Emirates (2020)
144904485,1,Unknown,Unknown (2020),Indonesia (2020)
424384907,1,Unknown,Unknown (2020),Maldives (2020)
2020_WS14,1,Male,Unknown (2020),Australia (2020)
2020_WS24,5,Female,Unknown (2020),Australia (2020)
2020_WS28,1,Male,Unknown (2020),Australia (2020)
2020_WS3,1,Male,Unknown (2020),Australia (2020)
2020_WS33,5,Male,Unknown (2020),Australia (2020)
2020_WS4,1,Male,Unknown (2020),Australia (2020)
275325472,1,Unknown,Unknown (2019),Mexico (2019)
57829,12,Male,"Adult (2018), Adult (2019), Unknown (Year Unknown)","Australia (2019), Australia (Year Unknown), Indonesia (2018)"
287717479,1,Unknown,Unknown (2019),Mexico (2019)
43604990,1,Unknown,Adult (2019),St. Helena (2019)
123448455,1,Unknown,Unknown (2019),Mexico (2019)
130788415,1,Unknown,Unknown (2019),Mexico (2019)
140337191,1,Unknown,Unknown (2019),Mozambique (2019)
150557924,1,Unknown,Unknown (2019),Philippines (2019)
200435998,1,Unknown,Juvenile (2019),Mexico (2019)
224922375,1,Unknown,Unknown (2019),Indonesia (2019)
235097395,1,Unknown,Unknown (2019),Mexico (2019)
46173974,1,Unknown,Unknown (2019),Costa Rica (2019)
46199221,1,Unknown,Unknown (2019),United States (2019)
47419432,1,Unknown,Unknown (2019),Mexico (2019)
497684273,1,Unknown,Unknown (2019),Philippines (2019)
93614911,1,Unknown,Unknown (2019),Panama (2019)
330042447,1,Unknown,Unknown (2019),Thailand (2019)
351429027,1,Unknown,Unknown (2019),Mexico (2019)
456358831,1,Unknown,Unknown (2019),Thailand (2019)
48994528,1,Unknown,Unknown (2019),Philippines (2019)
81200865,1,Unknown,Unknown (2019),Philippines (2019)
89525669,1,Unknown,Unknown (2019),Mexico (2019)
96273961,1,Unknown,Unknown (2019),Philippines (2019)
57826,10,Female,"Juvenile (2018), Juvenile (2019), Unknown (2018)",Indonesia (2018)
330042756,1,Unknown,Unknown (2019),Philippines (2019)
456201035,1,Unknown,Unknown (2019),Philippines (2019)
50791219,1,Unknown,Unknown (2019),Maldives (2019)
51118365,1,Unknown,Unknown (2019),Philippines (2019)
517790354,1,Unknown,Unknown (2019),Mexico (2019)
67591717,1,Unknown,Unknown (2019),Philippines (2019)
114374259,1,Unknown,Unknown (2019),Maldives (2019)
150199658,1,Unknown,Unknown (2019),Maldives (2019)
180183865,1,Male,Juvenile (2019),Indonesia (2019)
347544286,1,Unknown,Adult (2019),Colombia (2019)
59071133,1,Unknown,Adult (2019),Philippines (2019)
84165419,1,Unknown,Unknown (2019),South Africa (2019)
84165420,1,Unknown,Unknown (2019),South Africa (2019)
140749586,1,Unknown,Unknown (2019),Australia (2019)
279681009,1,Unknown,Unknown (2019),Malaysia (2019)
569795081,1,Unknown,Unknown (2019),Australia (2019)
58833132,1,Unknown,Unknown (2019),Australia (2019)
61526355,1,Unknown,Unknown (2019),Mexico (2019)
76375773,1,Unknown,Unknown (2019),Mexico (2019)
137827227,1,Unknown,Unknown (2019),Mexico (2019)
140661331,1,Unknown,Unknown (2019),Australia (2019)
142295335,1,Unknown,Unknown (2019),Mexico (2019)
146232207,1,Unknown,Adult (2019),Australia (2019)
228560257,1,Unknown,Unknown (2019),Ecuador (2019)
295679078,1,Unknown,Unknown (2019),Mexico (2019)
451097189,1,Unknown,Adult (2019),Mexico (2019)
61602346,1,Female,Adult (2019),Mexico (2019)
75059081,1,Unknown,Unknown (2019),Mexico (2019)
75719773,1,Unknown,Unknown (2019),Costa Rica (2019)
79591195,1,Unknown,Unknown (2019),Mexico (2019)
79591196,1,Unknown,Unknown (2019),Mexico (2019)
79591446,1,Unknown,Unknown (2019),Mexico (2019)
237102444,1,Unknown,Unknown (2019),Maldives (2019)
447298391,1,Unknown,Unknown (2019),Mexico (2019)
530784837,1,Female,Unknown (2019),Ecuador (2019)
66540533,1,Unknown,Unknown (2019),Honduras (2019)
66541801,1,Unknown,Unknown (2019),Honduras (2019)
66722968,1,Female,Juvenile (2019),Thailand (2019)
68836243,1,Unknown,Unknown (2019),Mexico (2019)
68980102,1,Unknown,Unknown (2019),Mexico (2019)
69265623,1,Unknown,Unknown (2019),Mexico (2019)
75062770,1,Unknown,Unknown (2019),Mexico (2019)
75062771,1,Unknown,Unknown (2019),Mexico (2019)
79588955,1,Unknown,Unknown (2019),Mexico (2019)
79588956,1,Unknown,Unknown (2019),Mexico (2019)
80341533,1,Unknown,Unknown (2019),Mexico (2019)
91149492,1,Unknown,Unknown (2019),South Africa (2019)
92991166,1,Unknown,Unknown (2019),Mexico (2019)
94731976,1,Unknown,Unknown (2019),Cuba (2019)
96899358,1,Unknown,Unknown (2019),Mexico (2019)
122775667,1,Unknown,Unknown (2019),Mexico (2019)
158613916,1,Unknown,Unknown (2019),Mexico (2019)
239436872,1,Unknown,Juvenile (2019),Indonesia (2019)
69527675,1,Female,Unknown (2019),Mexico (2019)
71512790,1,Unknown,Unknown (2019),Mexico (2019)
71513211,1,Unknown,Unknown (2019),Mexico (2019)
71781757,1,Unknown,Unknown (2019),Mexico (2019)
111485881,1,Unknown,Unknown (2019),Mexico (2019)
111485483,1,Unknown,Unknown (2019),Mexico (2019)
111481639,1,Unknown,Unknown (2019),Mexico (2019)
111481591,1,Unknown,Unknown (2019),Mexico (2019)
111481705,1,Unknown,Unknown (2019),Mexico (2019)
111481664,1,Unknown,Unknown (2019),Mexico (2019)
111481743,1,Unknown,Unknown (2019),Mexico (2019)
138298487,1,Unknown,Unknown (2019),Mexico (2019)
420998154,1,Unknown,Unknown (2019),Madagascar (2019)
420998178,1,Unknown,Unknown (2019),Madagascar (2019)
75368735,1,Unknown,Unknown (2019),Philippines (2019)
79153147,1,Unknown,Juvenile (2019),Mexico (2019)
93475705,1,Unknown,Unknown (2019),Madagascar (2019)
119117549,1,Unknown,Unknown (2019),Mexico (2019)
171704671,1,Unknown,Unknown (2019),Mexico (2019)
202971500,1,Unknown,Unknown (2019),Maldives (2019)
322451318,1,Unknown,Unknown (2019),Philippines (2019)
346001215,1,Unknown,Unknown (2019),Mexico (2019)
76605717,1,Unknown,Unknown (2019),Mexico (2019)
88224102,1,Female,Unknown (2019),Philippines (2019)
126968044,1,Unknown,Unknown (2019),Mexico (2019)
81181604,1,Unknown,Juvenile (2019),Maldives (2019)
81895876,1,Unknown,Unknown (2019),Philippines (2019)
83867479,1,Unknown,Adult (2019),Christmas Island (2019)
88760399,1,Unknown,Adult (2019),Christmas Island (2019)
90893014,1,Unknown,Juvenile (2019),Mexico (2019)
129406174,1,Unknown,Unknown (2019),Mexico (2019)
213281697,1,Unknown,Unknown (2019),India (2019)
2019_WS100,1,Female,Unknown (2019),Australia (2019)
2019_WS106,1,Male,Unknown (2019),Australia (2019)
2019_WS107,1,Male,Unknown (2019),Australia (2019)
2019_WS109,1,Male,Unknown (2019),Australia (2019)
2019_WS113,1,Male,Unknown (2019),Australia (2019)
2019_WS18,1,Female,Unknown (2019),Australia (2019)
2019_WS22,1,Female,Unknown (2019),Australia (2019)
2019_WS47,5,Female,Unknown (2019),Australia (2019)
2019_WS49,1,Female,Unknown (2019),Australia (2019)
2019_WS53,1,Female,Unknown (2019),Australia (2019)
2019_WS64,1,Male,Unknown (2019),Australia (2019)
2019_WS67,1,Male,Unknown (2019),Australia (2019)
2019_WS79,5,Male,Unknown (2019),Australia (2019)
2019_WS98,1,Male,Unknown (2019),Australia (2019)
24450142,1,Unknown,Unknown (2018),Mexico (2018)
250369076,1,Unknown,Unknown (2018),Mexico (2018)
381922540,1,Unknown,Unknown (2018),Mexico (2018)
57988769,1,Unknown,Juvenile (2018),Philippines (2018)
71089990,1,Unknown,Unknown (2018),Honduras (2018)
77498435,1,Unknown,Juvenile (2018),Christmas Island (2018)
86595663,1,Unknown,Unknown (2018),Mexico (2018)
20409833,1,Unknown,Unknown (2018),Mexico (2018)
22049568,1,Unknown,Unknown (2018),St. Helena (2018)
36309,18,Female,"Subadult (2017), Subadult (2018), Subadult (Year Unknown), Unknown (Year Unknown)","Australia (2017), Australia (2018), Australia (Year Unknown)"
36324,14,Male,"Subadult (2018), Subadult (Year Unknown), Unknown (Year Unknown)","Australia (2018), Australia (Year Unknown)"
161731,14,Male,"Subadult (2017), Subadult (2018), Unknown (Year Unknown)","Australia (2017), Australia (2018), Australia (Year Unknown)"
A69-9001-19476,88,Male,"Unknown (2016), Unknown (2017), Unknown (2018)","Australia (2016), Australia (2017), Australia (2018)"
54958642,1,Unknown,Unknown (2018),Mexico (2018)
176144192,1,Unknown,Unknown (2018),Mexico (2018)
199299562,1,Unknown,Unknown (2018),Mexico (2018)
199318859,1,Unknown,Unknown (2018),Mexico (2018)
21728769,1,Unknown,Unknown (2018),Mexico (2018)
369352390,1,Unknown,Unknown (2018),Mexico (2018)
504087383,1,Unknown,Unknown (2018),Maldives (2018)
145753109,1,Unknown,Unknown (2018),Indonesia (2018)
155138529,1,Unknown,Unknown (2018),Mexico (2018)
A69-1602-1571,5,Male,"Unknown (2017), Unknown (2018)","Australia (2017), Australia (2018)"
502810613,1,Unknown,Unknown (2018),Thailand (2018)
59567430,1,Unknown,Juvenile (2018),Thailand (2018)
78467594,1,Unknown,Unknown (2018),Mexico (2018)
118127791,1,Unknown,Unknown (2018),Indonesia (2018)
158544473,1,Unknown,Unknown (2018),Mexico (2018)
77595222,1,Unknown,Unknown (2018),Belize (2018)
221591280,1,Unknown,Unknown (2018),Mexico (2018)
239600843,1,Unknown,Unknown (2018),Mexico (2018)
31610608,1,Unknown,Unknown (2018),Indonesia (2018)
49488281,1,Unknown,Juvenile (2018),Mexico (2018)
63899782,1,Female,Adult (2018),Ecuador (2018)
67093153,1,Unknown,Unknown (2018),Indonesia (2018)
67093154,1,Unknown,Unknown (2018),Indonesia (2018)
82063141,1,Unknown,Unknown (2018),Mexico (2018)
117400462,1,Unknown,Unknown (2018),Philippines (2018)
117400751,1,Unknown,Unknown (2018),Philippines (2018)
117400981,1,Unknown,Unknown (2018),Philippines (2018)
199546989,1,Unknown,Unknown (2018),Ecuador (2018)
199546995,1,Female,Adult (2018),Ecuador (2018)
199547057,1,Unknown,Adult (2018),Ecuador (2018)
229720808,1,Unknown,Unknown (2018),Mexico (2018)
238516818,1,Female,Adult (2018),United States (2018)
57823,18,Male,"Adult (2018), Unknown (2018), Unknown (Year Unknown)","Australia (2018), Australia (Year Unknown), Indonesia (2018)"
31230744,1,Unknown,Juvenile (2018),United States (2018)
331430701,1,Unknown,Unknown (2018),Mexico (2018)
56677281,1,Unknown,Unknown (2018),Mexico (2018)
91626802,1,Unknown,Unknown (2018),Mexico (2018)
154605143,1,Unknown,Unknown (2018),Mexico (2018)
154606646,1,Unknown,Adult (2018),Mexico (2018)
57821,35,Female,"Subadult (2018), Subadult (Year Unknown), Unknown (Year Unknown)","Australia (Year Unknown), Christmas Island (2018), Cocos (Keeling) Islands (2018)"
57827,11,Female,"Subadult (2018), Subadult (Year Unknown), Unknown (Year Unknown)","Australia (Year Unknown), Indonesia (2018)"
57828,29,Male,"Subadult (2018), Subadult (Year Unknown), Unknown (2018), Unknown (Year Unknown)","Australia (2018), Australia (Year Unknown), Indonesia (2018), Indonesia (Year Unknown)"
34736011,1,Unknown,Unknown (2018),Mexico (2018)
41318369,1,Unknown,Unknown (2018),Mexico (2018)
42785417,1,Unknown,Unknown (2018),Mexico (2018)
56798395,1,Unknown,Unknown (2018),Mexico (2018)
63248419,1,Unknown,Unknown (2018),Mexico (2018)
416675541,1,Unknown,Unknown (2018),Panama (2018)
485748508,1,Unknown,Unknown (2018),Mexico (2018)
58086566,1,Unknown,Unknown (2018),Thailand (2018)
239366744,1,Unknown,Unknown (2018),Indonesia (2018)
37427296,1,Unknown,Unknown (2018),Mexico (2018)
37427609,1,Unknown,Unknown (2018),Mexico (2018)
37454884,1,Unknown,Unknown (2018),Mexico (2018)
49118862,1,Unknown,Unknown (2018),Mexico (2018)
510072893,1,Unknown,Unknown (2018),Mexico (2018)
562151090,1,Unknown,Unknown (2018),Mexico (2018)
156972305,1,Unknown,Unknown (2018),Mexico (2018)
205816940,1,Unknown,Unknown (2018),Mexico (2018)
39536064,1,Unknown,Unknown (2018),Mexico (2018)
41356680,1,Unknown,Unknown (2018),Mozambique (2018)
42405729,1,Unknown,Adult (2018),Mexico (2018)
473020809,1,Unknown,Unknown (2018),Mexico (2018)
132352336,1,Unknown,Unknown (2018),Maldives (2018)
214457102,1,Unknown,Unknown (2018),Philippines (2018)
214457106,1,Unknown,Unknown (2018),Philippines (2018)
214457107,1,Unknown,Unknown (2018),Philippines (2018)
41761297,1,Unknown,Unknown (2018),Mexico (2018)
42405430,1,Unknown,Unknown (2018),Mexico (2018)
44910213,1,Unknown,Juvenile (2018),Mexico (2018)
495335737,1,Unknown,Unknown (2018),Mexico (2018)
51262995,1,Unknown,Unknown (2018),Costa Rica (2018)
589325767,1,Unknown,Adult (2018),Sri Lanka (2018)
156110098,1,Unknown,Unknown (2018),Madagascar (2018)
189136380,1,Unknown,Unknown (2018),Mexico (2018)
57824,11,Unknown,"Subadult (2018), Subadult (Year Unknown), Unknown (Year Unknown)","Australia (2018), Australia (Year Unknown)"
57825,7,Female,"Unknown (2018), Unknown (Year Unknown)","Australia (2018), Australia (Year Unknown)"
2018_WS1,1,Female,Unknown (2018),Australia (2018)
2018_WS32,1,Female,Unknown (2018),Australia (2018)
2018_WS33,1,Male,Unknown (2018),Australia (2018)
2018_WS42,1,Male,Unknown (2018),Australia (2018)
2018_WS47,1,Male,Unknown (2018),Australia (2018)
2018_WS69,1,Male,Unknown (2018),Australia (2018)
2018_WS75,1,Female,Unknown (2018),Australia (2018)
2018_WS79,1,Male,Unknown (2018),Australia (2018)
2018_WS80,1,Male,Unknown (2018),Australia (2018)
2018_WS9,1,Male,Unknown (2018),Australia (2018)
247664632,1,Unknown,Unknown (2017),Mexico (2017)
163471,6,Male,"Adult (2017), Unknown (Year Unknown)","Australia (2017), Australia (Year Unknown)"
A69-9001-19499,36,Female,"Unknown (2016), Unknown (2017)","Australia (2016), Australia (2017)"
A69-9001-19477,10,Male,"Unknown (2016), Unknown (2017)","Australia (2016), Australia (2017)"
455294481,1,Unknown,Unknown (2017),Philippines (2017)
473616624,1,Unknown,Unknown (2017),Honduras (2017)
79487181,1,Unknown,Unknown (2017),Mexico (2017)
Karol,328,Unknown,"Unknown (2012), Unknown (2016), Unknown (2017)","Colombia (2016), Colombia (2017), Costa Rica (2012), Costa Rica (2016), Ecuador (2016), Panama (2017)"
Nati,92,Unknown,"Unknown (2013), Unknown (2016), Unknown (2017)",Ecuador (2016)
9832154,1,Unknown,Unknown (2017),Mexico (2017)
9859765,1,Unknown,Unknown (2017),Mexico (2017)
112763571,1,Unknown,Unknown (2017),Philippines (2017)
162236614,1,Female,Adult (2017),Indonesia (2017)
507918999,1,Unknown,Unknown (2017),Philippines (2017)
587334479,1,Unknown,Unknown (2017),Sri Lanka (2017)
86910830,1,Unknown,Unknown (2017),Mexico (2017)
142817202,1,Unknown,Unknown (2017),Philippines (2017)
18430151,1,Unknown,Unknown (2017),Mexico (2017)
A69-9001-19497,17,Female,"Unknown (2016), Unknown (2017)","Australia (2016), Australia (2017)"
30700365,1,Unknown,Unknown (2017),Honduras (2017)
516243762,1,Unknown,Unknown (2017),Mexico (2017)
89191282,1,Unknown,Juvenile (2017),Australia (2017)
641219a7-ad81-47a4-abf1-a7cb79df396a,1,Unknown,Unknown (2017),South Africa (2017)
206406111,1,Unknown,Unknown (2017),Philippines (2017)
77042231,1,Female,Adult (2017),Honduras (2017)
112763599,1,Unknown,Unknown (2017),Philippines (2017)
173834119,1,Unknown,Adult (2017),Australia (2017)
215037324,1,Unknown,Unknown (2017),Australia (2017)
232161568,1,Unknown,Unknown (2017),Australia (2017)
349288635,1,Unknown,Unknown (2017),Philippines (2017)
12546737,1,Unknown,Unknown (2017),Mexico (2017)
13142682,1,Unknown,Adult (2017),Australia (2017)
216566326,1,Unknown,Unknown (2017),Philippines (2017)
216636009,1,Unknown,Unknown (2017),Philippines (2017)
33006567,1,Unknown,Unknown (2017),Australia (2017)
33006568,1,Unknown,Unknown (2017),Australia (2017)
33006569,1,Unknown,Unknown (2017),Australia (2017)
435194394,1,Unknown,Unknown (2017),Philippines (2017)
151578699,1,Unknown,Unknown (2017),Mexico (2017)
198553515,1,Unknown,Unknown (2017),Indonesia (2017)
A69-1602-1569,6,Female,Unknown (2017),Australia (2017)
A69-1602-1570,27,Male,Unknown (2017),Australia (2017)
A69-1602-1572,1,Male,Unknown (2017),Australia (2017)
A69-1602-1573,13,Male,Unknown (2017),Australia (2017)
A69-1602-1574,14,Male,Unknown (2017),Australia (2017)
A69-1602-1575,22,Unknown,Unknown (2017),Australia (2017)
A69-1602-1576,5,Female,Unknown (2017),Australia (2017)
A69-1602-1577,7,Male,Unknown (2017),Australia (2017)
A69-1602-1578,13,Male,Unknown (2017),Australia (2017)
351723497,1,Unknown,Unknown (2017),Mexico (2017)
436769574,1,Unknown,Unknown (2017),Mexico (2017)
75410707,1,Unknown,Unknown (2017),Mexico (2017)
75410709,1,Unknown,Unknown (2017),Mexico (2017)
75410711,1,Unknown,Unknown (2017),Mexico (2017)
75410718,1,Unknown,Unknown (2017),Mexico (2017)
75410721,1,Unknown,Unknown (2017),Mexico (2017)
75410723,1,Unknown,Unknown (2017),Mexico (2017)
75410729,1,Unknown,Unknown (2017),Mexico (2017)
75410732,1,Unknown,Unknown (2017),Mexico (2017)
75410733,1,Unknown,Unknown (2017),Mexico (2017)
131201184,1,Unknown,Unknown (2017),Malaysia (2017)
14811271,1,Unknown,Adult (2017),Australia (2017)
14856016,1,Unknown,Unknown (2017),Mexico (2017)
16070140,1,Unknown,Unknown (2017),Indonesia (2017)
17177494,1,Unknown,Unknown (2017),Mexico (2017)
17693168,1,Unknown,Unknown (2017),Mexico (2017)
17693359,1,Unknown,Unknown (2017),Mexico (2017)
27583185,1,Unknown,Unknown (2017),Mexico (2017)
28364062,1,Unknown,Unknown (2017),Mexico (2017)
15617474,1,Unknown,Unknown (2017),Mexico (2017)
15632750,1,Unknown,Unknown (2017),Mexico (2017)
15827103,1,Female,Adult (2017),Mexico (2017)
15827290,1,Unknown,Unknown (2017),Mexico (2017)
19313787,1,Unknown,Unknown (2017),Mexico (2017)
19313790,1,Unknown,Unknown (2017),Mexico (2017)
19313789,1,Unknown,Unknown (2017),Mexico (2017)
199070561,1,Unknown,Unknown (2017),Mexico (2017)
36325,17,Male,"Subadult (2017), Subadult (Year Unknown), Unknown (2017), Unknown (Year Unknown)","Australia (2017), Australia (Year Unknown)"
161732,13,Male,"Juvenile (2017), Unknown (2017), Unknown (Year Unknown)","Australia (2017), Australia (Year Unknown)"
298005089,1,Unknown,Unknown (2017),Mexico (2017)
114487972,1,Unknown,Adult (2017),Mexico (2017)
239823704,1,Unknown,Unknown (2017),Mexico (2017)
80537816,1,Unknown,Unknown (2017),Mexico (2017)
95941755,1,Unknown,Unknown (2017),Maldives (2017)
18450771,1,Unknown,Unknown (2017),Mexico (2017)
18450772,1,Unknown,Unknown (2017),Mexico (2017)
18450777,1,Unknown,Unknown (2017),Mexico (2017)
26318557,1,Unknown,Unknown (2017),Mexico (2017)
36872170,1,Unknown,Unknown (2017),Maldives (2017)
394946271,1,Unknown,Unknown (2017),Mexico (2017)
41812683,1,Unknown,Unknown (2017),Tanzania (2017)
125053995,1,Unknown,Adult (2017),Mozambique (2017)
206020101,1,Unknown,Unknown (2017),Madagascar (2017)
21407237,1,Unknown,Unknown (2017),Mexico (2017)
21407240,1,Unknown,Unknown (2017),Mexico (2017)
21407244,1,Unknown,Unknown (2017),Mexico (2017)
21407254,1,Unknown,Unknown (2017),Mexico (2017)
21407255,1,Unknown,Unknown (2017),Mexico (2017)
21407256,1,Unknown,Unknown (2017),Mexico (2017)
21407257,1,Unknown,Unknown (2017),Mexico (2017)
21407265,1,Unknown,Unknown (2017),Mexico (2017)
21407276,1,Unknown,Adult (2017),Mexico (2017)
21407281,1,Unknown,Unknown (2017),Mexico (2017)
459771683,1,Unknown,Juvenile (2017),Mexico (2017)
54013247,1,Unknown,Unknown (2017),Mexico (2017)
94748906,1,Unknown,Unknown (2017),Mexico (2017)
20466894,1,Unknown,Juvenile (2017),Mexico (2017)
497063895,1,Unknown,Unknown (2016),Mexico (2016)
4747535,1,Unknown,Unknown (2016),Mexico (2016)
Ranger,25,Unknown,"Unknown (2011), Unknown (2015), Unknown (2016)","Ecuador (2011), Ecuador (2015), Peru (2016)"
Karla,525,Unknown,"Unknown (2011), Unknown (2015), Unknown (2016)","Colombia (2015), Ecuador (2011), Ecuador (2015), Peru (2011), Peru (2015), Peru (2016)"
George,106,Unknown,"Unknown (2011), Unknown (2015), Unknown (2016)","Colombia (2015), Ecuador (2015), Ecuador (2016)"
108106,48,Unknown,"Unknown (2011), Unknown (2015), Unknown (2016)","Colombia (2015), Costa Rica (2015), Ecuador (2015), Peru (2016)"
9967098,1,Unknown,Unknown (2016),St. Helena (2016)
9967270,1,Unknown,Unknown (2016),St. Helena (2016)
9967208,1,Unknown,Unknown (2016),St. Helena (2016)
276898856,1,Unknown,Unknown (2016),Philippines (2016)
A69-9002-11972,4,Male,"Unknown (2015), Unknown (2016)","Australia (2015), Australia (2016)"
A69-9002-11974,58,Male,"Unknown (2015), Unknown (2016)","Australia (2015), Australia (2016)"
444869774,1,Unknown,Juvenile (2016),Mexico (2016)
94183348,1,Unknown,Unknown (2016),Mexico (2016)
182758683,1,Unknown,Unknown (2016),Philippines (2016)
A69-9002-11970,36,Female,"Unknown (2015), Unknown (2016)","Australia (2015), Australia (2016)"
34572183,1,Unknown,Unknown (2016),Mexico (2016)
41576194,1,Unknown,Unknown (2016),Mexico (2016)
41577018,1,Unknown,Unknown (2016),Mexico (2016)
42848898,1,Unknown,Unknown (2016),Mexico (2016)
445668263,1,Unknown,Unknown (2016),Mexico (2016)
445721116,1,Unknown,Unknown (2016),Mexico (2016)
162423521,1,Unknown,Unknown (2016),Philippines (2016)
244108682,1,Unknown,Adult (2016),Philippines (2016)
381138256,1,Unknown,Adult (2016),Mexico (2016)
5959345,1,Unknown,Adult (2016),Saudi Arabia (2016)
80537826,1,Unknown,Unknown (2016),Honduras (2016)
83112455,1,Unknown,Unknown (2016),Honduras (2016)
83112457,1,Unknown,Unknown (2016),Honduras (2016)
9917594,1,Unknown,Juvenile (2016),Australia (2016)
155352248,1,Unknown,Unknown (2016),Mexico (2016)
22133739,1,Unknown,Juvenile (2016),South Africa (2016)
29146457,1,Unknown,Juvenile (2016),Philippines (2016)
37411958,1,Unknown,Unknown (2016),Philippines (2016)
73889520,1,Unknown,Unknown (2016),Philippines (2016)
74107525,1,Unknown,Unknown (2016),Philippines (2016)
75541281,1,Unknown,Unknown (2016),Philippines (2016)
75549605,1,Unknown,Unknown (2016),Philippines (2016)
75549747,1,Unknown,Unknown (2016),Philippines (2016)
75623511,1,Unknown,Unknown (2016),Philippines (2016)
75623734,1,Unknown,Unknown (2016),Philippines (2016)
75623983,1,Unknown,Unknown (2016),Philippines (2016)
18999542,1,Unknown,Unknown (2016),Malaysia (2016)
161737,4,Female,"Juvenile (2016), Unknown (Year Unknown)","Australia (2016), Australia (Year Unknown)"
A69-9001-19482,2,Female,"Unknown (2015), Unknown (2016)","Australia (2015), Australia (2016)"
A69-9001-19479,12,Female,"Unknown (2015), Unknown (2016)","Australia (2015), Australia (2016)"
A69-9001-19503,7,Female,"Unknown (2015), Unknown (2016)","Australia (2015), Australia (2016)"
A69-9001-19501,10,Male,Unknown (2016),Australia (2016)
A69-9001-19475,5,Female,Unknown (2016),Australia (2016)
A69-9001-19478,7,Female,Unknown (2016),Australia (2016)
34350805,1,Unknown,Unknown (2016),Saudi Arabia (2016)
34352805,1,Unknown,Unknown (2016),Saudi Arabia (2016)
365035075,1,Unknown,Adult (2016),New Caledonia (2016)
107909090,1,Unknown,Unknown (2016),Madagascar (2016)
130860226,1,Unknown,Unknown (2016),Costa Rica (2016)
214401034,1,Unknown,Unknown (2016),Philippines (2016)
161733,12,Female,"Juvenile (2016), Unknown (2016), Unknown (Year Unknown)","Australia (2016), Australia (Year Unknown), Indonesia (Year Unknown)"
163470,20,Female,"Adult (2016), Adult (Year Unknown), Unknown (2016), Unknown (Year Unknown)","Australia (2016), Australia (Year Unknown), Indonesia (2016), Indonesia (Year Unknown)"
313935399,1,Unknown,Unknown (2016),Australia (2016)
375388525,1,Unknown,Unknown (2016),Philippines (2016)
375388531,1,Unknown,Unknown (2016),Philippines (2016)
480977433,1,Unknown,Unknown (2016),Mexico (2016)
550052982,1,Unknown,Adult (2016),Mexico (2016)
88676801,1,Unknown,Adult (2016),Philippines (2016)
18588697,1,Unknown,Unknown (2016),Mexico (2016)
205274764,1,Unknown,Unknown (2016),Philippines (2016)
21013404,1,Unknown,Juvenile (2016),Mozambique (2016)
21492563,1,Unknown,Unknown (2016),Mozambique (2016)
143670,11,Male,"Subadult (2016), Subadult (Year Unknown), Unknown (Year Unknown)","Australia (2016), Australia (Year Unknown)"
75603394,1,Unknown,Unknown (2016),Mexico (2016)
82494295,1,Unknown,Unknown (2016),Indonesia (2016)
82494302,1,Unknown,Unknown (2016),Indonesia (2016)
82494326,1,Unknown,Unknown (2016),Indonesia (2016)
7751810,1,Unknown,Unknown (2016),Mexico (2016)
7794079,1,Male,Unknown (2016),Mexico (2016)
7794117,1,Unknown,Unknown (2016),Mexico (2016)
8572837,1,Unknown,Unknown (2016),Mexico (2016)
8586438,1,Unknown,Unknown (2016),Mexico (2016)
10392075,1,Unknown,Adult (2016),Mexico (2016)
9175380,1,Unknown,Unknown (2016),Egypt (2016)
164090362,1,Unknown,Unknown (2016),Mexico (2016)
226896578,1,Unknown,Unknown (2016),Philippines (2016)
161736,7,Male,"Juvenile (2016), Unknown (Year Unknown)","Australia (2016), Australia (Year Unknown)"
35466639,1,Unknown,Unknown (2016),Mexico (2016)
532397914,1,Male,Unknown (2016),Seychelles (2016)
553853366,1,Unknown,Unknown (2016),Mexico (2016)
605028084,1,Unknown,Juvenile (2016),Malaysia (2016)
8130752,1,Unknown,Unknown (2016),Mexico (2016)
8321895,1,Unknown,Unknown (2016),Mexico (2016)
96223638,1,Female,Unknown (2016),Ecuador (2016)
8683706,1,Unknown,Unknown (2016),Mexico (2016)
Esther,2,Unknown,Unknown (2016),Ecuador (2016)
Sebas,34,Unknown,Unknown (2016),Ecuador (2016)
Alicia,255,Unknown,"Unknown (2012), Unknown (2016)","Costa Rica (2016), Ecuador (2012), Ecuador (2016)"
Patricia,4,Unknown,Unknown (2016),Ecuador (2016)
Alex,2,Unknown,Unknown (2016),Ecuador (2016)
Dani,18,Unknown,"Unknown (2012), Unknown (2016)","Ecuador (2012), Ecuador (2016)"
Cindy,130,Unknown,"Unknown (2012), Unknown (2016)","Ecuador (2012), Ecuador (2016)"
10650325,1,Unknown,Unknown (2016),United States (2016)
45784695,1,Unknown,Unknown (2016),Mexico (2016)
604019949,1,Unknown,Unknown (2016),Tanzania (2016)
604019952,1,Unknown,Unknown (2016),Tanzania (2016)
604019955,1,Unknown,Unknown (2016),Tanzania (2016)
604019957,1,Unknown,Unknown (2016),Tanzania (2016)
604019963,1,Unknown,Unknown (2016),Tanzania (2016)
604019966,1,Unknown,Unknown (2016),Tanzania (2016)
604019967,1,Unknown,Unknown (2016),Tanzania (2016)
8516847,1,Unknown,Unknown (2016),Tanzania (2016)
Kika,1,Unknown,Unknown (2016),Ecuador (2016)
Michelle,97,Unknown,Unknown (2016),Ecuador (2016)
Caroline,1,Unknown,Unknown (2016),Ecuador (2016)
QueenMabel,133,Unknown,"Unknown (2012), Unknown (2016)",Ecuador (2016)
Inti,2,Unknown,"Unknown (2012), Unknown (2016)","Ecuador (2012), Ecuador (2016)"
MissJamie,2,Unknown,Unknown (2016),Ecuador (2016)
Juliana,3,Unknown,Unknown (2016),Ecuador (2016)
114106722,1,Unknown,Unknown (2016),Mexico (2016)
18834165,1,Unknown,Unknown (2016),Indonesia (2016)
342423354,1,Unknown,Unknown (2016),Mexico (2016)
85212338,1,Unknown,Unknown (2016),Philippines (2016)
11368800,1,Unknown,Unknown (2016),Mexico (2016)
13231764,1,Unknown,Unknown (2016),Mexico (2016)
72368598,1,Unknown,Unknown (2016),Philippines (2016)
9804529,1,Unknown,Unknown (2016),Mexico (2016)
9985063,1,Unknown,Unknown (2016),Mexico (2016)
18169430,1,Unknown,Juvenile (2016),Mexico (2016)
2016_WS13,1,Female,Unknown (2016),Australia (2016)
2016_WS22,1,Female,Unknown (2016),Australia (2016)
2016_WS23,1,Male,Unknown (2016),Australia (2016)
2016_WS36,1,Male,Unknown (2016),Australia (2016)
2016_WS45,1,Male,Unknown (2016),Australia (2016)
2016_WS5,1,Male,Unknown (2016),Australia (2016)
2016_WS55,1,Female,Unknown (2016),Australia (2016)
2016_WS59,1,Male,Unknown (2016),Australia (2016)
2016_WS64,1,Female,Unknown (2016),Australia (2016)
2016_WS74,1,Male,Unknown (2016),Australia (2016)
2016_WS87,1,Female,Unknown (2016),Australia (2016)
2016_WS95,1,Male,Unknown (2016),Australia (2016)
232241056,1,Unknown,Unknown (2015),St. Helena (2015)
2108570,1,Unknown,Unknown (2015),Mexico (2015)
27415711,1,Unknown,Unknown (2015),Australia (2015)
82908892,1,Unknown,Unknown (2015),St. Helena (2015)
82908895,1,Unknown,Unknown (2015),St. Helena (2015)
83221815,1,Unknown,Unknown (2015),St. Helena (2015)
83221819,1,Unknown,Unknown (2015),St. Helena (2015)
83221820,1,Unknown,Unknown (2015),St. Helena (2015)
83221824,1,Unknown,Unknown (2015),St. Helena (2015)
83221827,1,Unknown,Unknown (2015),St. Helena (2015)
83385080,1,Unknown,Adult (2015),St. Helena (2015)
84846208,1,Unknown,Unknown (2015),St. Helena (2015)
84846209,1,Unknown,Unknown (2015),St. Helena (2015)
85590916,1,Unknown,Unknown (2015),Philippines (2015)
89525407,1,Unknown,Unknown (2015),St. Helena (2015)
141184247,1,Unknown,Unknown (2015),Mexico (2015)
190834701,1,Unknown,Unknown (2015),Mexico (2015)
218407757,1,Unknown,Juvenile (2015),India (2015)
6610356,1,Unknown,Adult (2015),Mexico (2015)
151342074,1,Unknown,Unknown (2015),Malaysia (2015)
23198986,1,Unknown,Unknown (2015),Mexico (2015)
2366973,1,Unknown,Juvenile (2015),Mexico (2015)
51287004,1,Unknown,Unknown (2015),Maldives (2015)
599437359,1,Unknown,Unknown (2015),Philippines (2015)
261550567,1,Unknown,Unknown (2015),Australia (2015)
68899210,1,Unknown,Unknown (2015),Philippines (2015)
196197032,1,Unknown,Unknown (2015),Mexico (2015)
9872286,1,Unknown,Adult (2015),Australia (2015)
24636646,1,Unknown,Unknown (2015),Mozambique (2015)
143678,17,Male,Juvenile (2015),"Australia (2015), Christmas Island (2015)"
A69-9002-12411,12,Male,Unknown (2015),Australia (2015)
79317039,1,Unknown,Unknown (2015),Mexico (2015)
9967126,1,Unknown,Unknown (2015),Mexico (2015)
117816825,1,Unknown,Unknown (2015),Mexico (2015)
146054882,1,Female,Unknown (2015),Maldives (2015)
146054884,1,Unknown,Unknown (2015),Maldives (2015)
241530195,1,Unknown,Unknown (2015),Mexico (2015)
24636764,1,Unknown,Unknown (2015),Mozambique (2015)
24636943,1,Unknown,Unknown (2015),Mozambique (2015)
24637285,1,Unknown,Unknown (2015),Mozambique (2015)
143674,5,Male,Juvenile (2015),Australia (2015)
379116801,1,Unknown,Adult (2015),Australia (2015)
522780555,1,Unknown,Unknown (2015),Thailand (2015)
593437689,1,Unknown,Unknown (2015),Mexico (2015)
57817167,1,Unknown,Unknown (2015),Philippines (2015)
9626659,1,Unknown,Unknown (2015),Mexico (2015)
Kimberly,232,Unknown,"Unknown (2011), Unknown (2015)",Ecuador (2015)
Lea,10,Unknown,"Unknown (2011), Unknown (2015)",Ecuador (2015)
Eduarda,72,Unknown,Unknown (2015),Ecuador (2015)
Macarena,2,Unknown,Unknown (2015),Ecuador (2015)
Sarai,2,Unknown,Unknown (2015),Ecuador (2015)
Sofia,2,Unknown,Unknown (2015),Ecuador (2015)
Elsa,22,Unknown,"Unknown (2011), Unknown (2015)","Ecuador (2011), Ecuador (2015)"
Jaws,73,Unknown,"Unknown (2011), Unknown (2015)","Costa Rica (2015), Ecuador (2015), Peru (2015)"
Sydney,2,Unknown,Unknown (2015),Ecuador (2015)
Isabela,2,Unknown,Unknown (2015),Ecuador (2015)
Yas,25,Unknown,Unknown (2015),Ecuador (2015)
Kamila,67,Unknown,"Unknown (2011), Unknown (2015)",Ecuador (2015)
185170962,1,Unknown,Unknown (2015),Australia (2015)
6772905,1,Unknown,Unknown (2015),Mexico (2015)
514407333,1,Unknown,Unknown (2015),Mexico (2015)
4768250,1,Female,Adult (2015),Ecuador (2015)
4829082,1,Unknown,Unknown (2015),Ecuador (2015)
68340177,1,Unknown,Unknown (2015),United States (2015)
7312776,1,Unknown,Unknown (2015),United States (2015)
7550786,1,Unknown,Unknown (2015),Mexico (2015)
141116315,1,Unknown,Unknown (2015),United States (2015)
27746801,1,Unknown,Adult (2015),Mexico (2015)
369086486,1,Unknown,Adult (2015),Mayotte (2015)
3818526,1,Unknown,Juvenile (2015),Maldives (2015)
527503683,1,Unknown,Unknown (2015),Mexico (2015)
MariaGracia,7,Unknown,Unknown (2015),"Ecuador (2015), Peru (2015)"
108100,3,Unknown,Unknown (2015),Ecuador (2015)
108103,5,Unknown,Unknown (2015),Ecuador (2015)
Yessie,10,Unknown,Unknown (2015),Ecuador (2015)
Margarita,57,Unknown,Unknown (2015),Ecuador (2015)
132070,3,Unknown,Unknown (2015),Ecuador (2015)
132071,4,Unknown,Unknown (2015),Ecuador (2015)
132072,7,Unknown,Unknown (2015),Ecuador (2015)
132073,1,Unknown,Unknown (2015),Ecuador (2015)
132074,82,Unknown,Unknown (2015),"Costa Rica (2015), Ecuador (2015), Peru (2015)"
151677,15,Unknown,Unknown (2015),Ecuador (2015)
18853225,1,Unknown,Juvenile (2015),Mexico (2015)
19200694,1,Unknown,Unknown (2015),Philippines (2015)
Rataverde,2,Unknown,Unknown (2015),Ecuador (2015)
Belen,5,Unknown,Unknown (2015),Ecuador (2015)
177383356,1,Unknown,Unknown (2015),Mexico (2015)
215951401,1,Unknown,Unknown (2015),Mexico (2015)
260252539,1,Unknown,Unknown (2015),Mexico (2015)
233225275,1,Unknown,Unknown (2014),Thailand (2014)
24532425,1,Unknown,Unknown (2014),South Africa (2014)
64605012,1,Unknown,Unknown (2014),Thailand (2014)
232297081,1,Unknown,Unknown (2014),Thailand (2014)
24333042,1,Unknown,Unknown (2014),South Africa (2014)
24359991,1,Unknown,Unknown (2014),South Africa (2014)
261196145,1,Unknown,Unknown (2014),Philippines (2014)
9777629,1,Unknown,Unknown (2014),Honduras (2014)
199099822,1,Unknown,Unknown (2014),Philippines (2014)
2368116,1,Unknown,Unknown (2014),Philippines (2014)
3620349,1,Unknown,Unknown (2014),Mexico (2014)
4892834,1,Unknown,Adult (2014),Honduras (2014)
2152331,1,Unknown,Adult (2014),Mexico (2014)
41091530,1,Unknown,Unknown (2014),Mexico (2014)
139126,1,Unknown,Unknown (2014),Ecuador (2014)
9713278,1,Unknown,Unknown (2014),Mexico (2014)
1472604,1,Unknown,Unknown (2014),Mexico (2014)
200420598,1,Unknown,Unknown (2014),Philippines (2014)
524739902,1,Unknown,Unknown (2014),Mexico (2014)
524739908,1,Unknown,Unknown (2014),Mexico (2014)
533888848,1,Unknown,Unknown (2014),Mexico (2014)
5251891,1,Unknown,Unknown (2014),Mexico (2014)
139119,4,Unknown,Unknown (2014),"Ecuador (2014), Peru (2014)"
139120,1,Unknown,Unknown (2014),Ecuador (2014)
139121,2,Unknown,Unknown (2014),Ecuador (2014)
139122,2,Unknown,Unknown (2014),Ecuador (2014)
139123,4,Unknown,Unknown (2014),Ecuador (2014)
139124,91,Unknown,Unknown (2014),Ecuador (2014)
139125,1,Unknown,Unknown (2014),Ecuador (2014)
139127,13,Unknown,Unknown (2014),Ecuador (2014)
140649,121,Unknown,Unknown (2014),Ecuador (2014)
141484,1,Unknown,Unknown (2014),Ecuador (2014)
143536217,1,Unknown,Unknown (2014),United States (2014)
15776603,1,Unknown,Unknown (2014),United States (2014)
24524816,1,Unknown,Unknown (2014),South Africa (2014)
2783604,1,Unknown,Unknown (2014),Mexico (2014)
101556169,1,Unknown,Unknown (2014),Madagascar (2014)
133775913,1,Unknown,Unknown (2014),Tanzania (2014)
198292650,1,Unknown,Unknown (2014),Mexico (2014)
230709385,1,Unknown,Unknown (2013),Philippines (2013)
230709387,1,Unknown,Unknown (2013),Philippines (2013)
230709393,1,Unknown,Unknown (2013),Philippines (2013)
342283410,1,Unknown,Unknown (2013),Philippines (2013)
53996342,1,Unknown,Adult (2013),South Africa (2013)
14461208,1,Unknown,Adult (2013),Australia (2013)
7193558,1,Unknown,Adult (2013),New Zealand (2013)
516708506,1,Unknown,Unknown (2013),Philippines (2013)
A69-9001-28405,71,Unknown,Unknown (2013),Australia (2013)
A69-9001-28406,59,Unknown,Unknown (2013),Australia (2013)
A69-9001-28408,71,Unknown,Unknown (2013),Australia (2013)
121925265,1,Unknown,Unknown (2013),Belize (2013)
A69-9001-28404,20,Male,Unknown (2013),Australia (2013)
403075133,1,Unknown,Unknown (2013),Mexico (2013)
507916,1,Unknown,Adult (2013),Brazil (2013)
8696062,1,Unknown,Unknown (2013),Philippines (2013)
130076294,1,Unknown,Unknown (2013),Mexico (2013)
157356562,1,Unknown,Unknown (2013),Mexico (2013)
823144,1,Unknown,Adult (2013),Mexico (2013)
9836650,1,Unknown,Unknown (2013),Mexico (2013)
124940635,1,Unknown,Unknown (2013),Mexico (2013)
130667,15,Male,"Subadult (2013), Unknown (Year Unknown)","Mexico (2013), Mexico (Year Unknown), United States (2013)"
45741323,1,Female,Unknown (2013),Mexico (2013)
112468,29,Male,"Subadult (2013), Unknown (Year Unknown)","Mexico (2013), Mexico (Year Unknown), United States (2013), United States (Year Unknown)"
112470,31,Male,"Subadult (2013), Unknown (Year Unknown)","Mexico (2013), Mexico (Year Unknown), United States (2013), United States (Year Unknown)"
144197201,1,Unknown,Unknown (2013),Mexico (2013)
144197202,1,Unknown,Unknown (2013),Mexico (2013)
144197203,1,Unknown,Unknown (2013),Mexico (2013)
778235,1,Unknown,Adult (2013),Philippines (2013)
131986,51,Unknown,Unknown (2013),Ecuador (2013)
131988,1,Unknown,Unknown (2013),Ecuador (2013)
87470607,1,Unknown,Unknown (2013),Maldives (2013)
169656174,1,Unknown,Unknown (2013),Maldives (2013)
3496611,1,Unknown,Unknown (2013),Maldives (2013)
112471,16,Male,"Subadult (2013), Unknown (Year Unknown)","Mexico (2013), Mexico (Year Unknown)"
112467,2,Male,"Subadult (2013), Unknown (Year Unknown)","Mexico (Year Unknown), United States (2013)"
A69-1303-64094,39,Male,"Unknown (2011), Unknown (2012)","Australia (2011), Australia (2012)"
240514850,1,Unknown,Unknown (2012),Philippines (2012)
3360710,1,Unknown,Unknown (2012),Philippines (2012)
158193372,1,Unknown,Unknown (2012),Philippines (2012)
600245019,1,Unknown,Unknown (2012),Australia (2012)
130086304,1,Unknown,Unknown (2012),Australia (2012)
165903952,1,Unknown,Unknown (2012),Honduras (2012)
165905750,1,Unknown,Unknown (2012),Honduras (2012)
121903,1,Unknown,Unknown (2012),Mexico (2012)
1844028,1,Unknown,Unknown (2012),Mexico (2012)
146332693,1,Unknown,Unknown (2012),Mexico (2012)
146332841,1,Unknown,Unknown (2012),Mexico (2012)
19037706,1,Unknown,Unknown (2012),Indonesia (2012)
214210563,1,Unknown,Unknown (2012),Indonesia (2012)
221265875,1,Unknown,Unknown (2012),Australia (2012)
221266187,1,Unknown,Unknown (2012),Australia (2012)
221266188,1,Unknown,Unknown (2012),Australia (2012)
221266189,1,Unknown,Unknown (2012),Australia (2012)
221266190,1,Unknown,Unknown (2012),Australia (2012)
26748385,1,Unknown,Unknown (2012),Mexico (2012)
360971525,1,Unknown,Unknown (2012),Mexico (2012)
71219344,1,Unknown,Unknown (2012),Indonesia (2012)
71219345,1,Unknown,Unknown (2012),Indonesia (2012)
71219349,1,Unknown,Unknown (2012),Indonesia (2012)
71219350,1,Unknown,Unknown (2012),Indonesia (2012)
71219353,1,Unknown,Unknown (2012),Indonesia (2012)
71219359,1,Unknown,Unknown (2012),Indonesia (2012)
418706108,1,Unknown,Unknown (2012),Mexico (2012)
82494312,1,Unknown,Adult (2012),Mexico (2012)
82494333,1,Unknown,Unknown (2012),Mexico (2012)
82494338,1,Unknown,Unknown (2012),Mexico (2012)
A69-9001-28407,2,Unknown,"Unknown (2010), Unknown (2012)","Australia (2010), Australia (2012)"
1336108,1,Unknown,Adult (2012),Mexico (2012)
593371582,1,Unknown,Unknown (2012),Indonesia (2012)
593372855,1,Unknown,Unknown (2012),Indonesia (2012)
593373199,1,Unknown,Unknown (2012),Indonesia (2012)
593373675,1,Unknown,Unknown (2012),Indonesia (2012)
593374575,1,Unknown,Unknown (2012),Indonesia (2012)
73511732,1,Unknown,Unknown (2012),Ecuador (2012)
84565566,1,Unknown,Unknown (2012),Mexico (2012)
A69-9001-28409,11,Male,"Unknown (2011), Unknown (2012)","Australia (2011), Australia (2012)"
2937437,1,Unknown,Juvenile (2012),United States (2012)
A69-1303-64093,88,Male,"Unknown (2011), Unknown (2012)","Australia (2011), Australia (2012)"
239322152,1,Unknown,Unknown (2012),Mexico (2012)
50835a,3,Male,"Adult (2011), Adult (Year Unknown), Unknown (Year Unknown)","Mexico (2011), Mexico (Year Unknown)"
101369a,22,Male,"Juvenile (2010), Juvenile (2011), Juvenile (Year Unknown), Unknown (2010), Unknown (Year Unknown)","Cuba (2010), Mexico (2010), Mexico (Year Unknown)"
101371a,28,Female,"Juvenile (2010), Juvenile (2011), Juvenile (Year Unknown), Unknown (2010), Unknown (Year Unknown)","Bahamas (2010), Bahamas (2011), Cuba (2010), Mexico (2010), Mexico (Year Unknown), United States (2010), United States (2011), United States (Year Unknown)"
101376a,11,Male,"Adult (2010), Adult (2011), Adult (Year Unknown), Unknown (2010), Unknown (Year Unknown)","Colombia (2011), Cuba (2010), Mexico (2010), Mexico (Year Unknown), Nicaragua (2011), United States (2010)"
50834a,9,Male,"Juvenile (2011), Unknown (Year Unknown)","Mexico (2011), Mexico (Year Unknown), United States (2011), United States (Year Unknown)"
A69-1303-64091,21,Male,Unknown (2011),Australia (2011)
A69-1303-64112,8,Male,Unknown (2011),Australia (2011)
A69-1303-64092,22,Male,Unknown (2011),Australia (2011)
A69-1303-64110,9,Male,Unknown (2011),Australia (2011)
84565650,1,Unknown,Unknown (2011),Honduras (2011)
101373,5,Male,Adult (2011),"Belize (2011), Guatemala (2011), Honduras (2011), Trinidad and Tobago (2011)"
101373b,5,Male,Adult (2011),"Belize (2011), Guatemala (2011), Honduras (2011), Trinidad and Tobago (2011)"
165770044,1,Unknown,Unknown (2011),Honduras (2011)
10718623,1,Unknown,Unknown (2011),Mexico (2011)
50769,11,Female,"Adult (2011), Unknown (2011)","Belize (2011), Guatemala (2011), Honduras (2011)"
50769b,11,Female,"Adult (2011), Unknown (2011)","Belize (2011), Guatemala (2011), Honduras (2011)"
325173786,1,Unknown,Unknown (2011),Mexico (2011)
457499067,1,Unknown,Unknown (2011),Mexico (2011)
587581975,1,Unknown,Unknown (2011),Australia (2011)
423172,1,Unknown,Adult (2011),Unknown
80801747,1,Unknown,Unknown (2011),Canada (2011)
144188056,1,Unknown,Unknown (2011),Ecuador (2011)
144188079,1,Unknown,Adult (2011),Ecuador (2011)
230058950,1,Unknown,Unknown (2011),Mexico (2011)
62297655,1,Unknown,Unknown (2011),United States (2011)
38265841,1,Unknown,Unknown (2011),Mexico (2011)
69579588,1,Unknown,Juvenile (2011),Maldives (2011)
9981344,1,Unknown,Unknown (2011),Mexico (2011)
12151307,1,Unknown,Unknown (2011),Mexico (2011)
24437579,1,Unknown,Adult (2011),South Africa (2011)
15069683,1,Unknown,Unknown (2011),Mexico (2011)
101368a,5,Female,"Adult (2010), Adult (2011), Adult (Year Unknown), Unknown (Year Unknown)","Honduras (2010), Honduras (2011), Honduras (Year Unknown), Mexico (Year Unknown)"
456277824,1,Female,Unknown (2010),Myanmar (2010)
327156,1,Unknown,Adult (2010),Philippines (2010)
477659425,1,Unknown,Unknown (2010),Tanzania (2010)
S14601,1,Unknown,Unknown (2010),South Africa (2010)
S14602,1,Unknown,Unknown (2010),South Africa (2010)
34359059,1,Unknown,Unknown (2010),Philippines (2010)
89628499,1,Unknown,Unknown (2010),Mexico (2010)
S14603,1,Unknown,Unknown (2010),South Africa (2010)
54079827,1,Unknown,Unknown (2010),Australia (2010)
556151094,1,Unknown,Unknown (2010),Australia (2010)
205888470,1,Unknown,Unknown (2010),Australia (2010)
332353728,1,Unknown,Adult (2010),Australia (2010)
A69-1303-8497,1,Female,Unknown (2010),Australia (2010)
139026081,1,Unknown,Unknown (2010),Colombia (2010)
345501272,1,Unknown,Adult (2010),Mexico (2010)
345502300,1,Unknown,Adult (2010),Mexico (2010)
345506237,1,Unknown,Adult (2010),Mexico (2010)
345508076,1,Unknown,Adult (2010),Mexico (2010)
345510542,1,Unknown,Adult (2010),Mexico (2010)
345512297,1,Unknown,Adult (2010),Mexico (2010)
345513332,1,Unknown,Adult (2010),Mexico (2010)
345514103,1,Unknown,Adult (2010),Mexico (2010)
71385672,1,Unknown,Unknown (2010),Mozambique (2010)
236875542,1,Unknown,Juvenile (2010),Costa Rica (2010)
63230611,1,Unknown,Unknown (2010),Mozambique (2010)
50831a,19,Male,"Adult (2010), Unknown (2010), Unknown (Year Unknown)","Mexico (2010), Mexico (Year Unknown), United States (Year Unknown)"
101375a,5,Male,"Adult (2010), Unknown (2010), Unknown (Year Unknown)","Bahamas (2010), Cuba (2010), Mexico (Year Unknown)"
239288605,1,Unknown,Unknown (2010),Mexico (2010)
101367a,13,Female,"Adult (2010), Adult (Year Unknown), Unknown (2010), Unknown (Year Unknown)","Mexico (2010), Mexico (Year Unknown), Turks and Caicos Islands (2010)"
101370a,22,Female,"Adult (2010), Unknown (2010), Unknown (Year Unknown)","Mexico (2010), Mexico (Year Unknown)"
101373a,21,Male,"Adult (2010), Adult (Year Unknown), Unknown (2010), Unknown (Year Unknown)","Bahamas (2010), Canada (2010), Cuba (2010), Mexico (2010), Mexico (Year Unknown), United States (2010), United States (Year Unknown)"
522248664,1,Unknown,Unknown (2010),Maldives (2010)
50832b,2,Unknown,"Unknown (2010), Unknown (Year Unknown)","Mexico (2010), Mexico (Year Unknown)"
259500513,1,Unknown,Unknown (2009),Mexico (2009)
395760,1,Unknown,Unknown (2009),India (2009)
24747444,1,Unknown,Unknown (2009),South Africa (2009)
251026382,1,Unknown,Adult (2009),Mexico (2009)
453556317,1,Unknown,Unknown (2009),Philippines (2009)
8858300,1,Unknown,Unknown (2009),Australia (2009)
9170218,1,Unknown,Unknown (2009),Australia (2009)
17823496,1,Unknown,Adult (2009),Australia (2009)
18314875,1,Unknown,Adult (2009),Australia (2009)
503364155,1,Unknown,Unknown (2009),Australia (2009)
118091789,1,Unknown,Unknown (2009),Australia (2009)
20635029,1,Unknown,Unknown (2009),Mexico (2009)
149208,1,Unknown,Unknown (2009),Panama (2009)
279738362,1,Unknown,Unknown (2009),Mexico (2009)
102900024,1,Unknown,Adult (2009),Mexico (2009)
12571175,1,Unknown,Unknown (2009),Mexico (2009)
1217913,1,Unknown,Adult (2009),Mexico (2009)
160161671,1,Unknown,Unknown (2009),Mexico (2009)
329216146,1,Unknown,Unknown (2009),Mozambique (2009)
248338,1,Unknown,Adult (2009),Ecuador (2009)
424514393,1,Unknown,Unknown (2009),French Polynesia (2009)
29051314,1,Unknown,Unknown (2009),Kenya (2009)
1140138,1,Unknown,Unknown (2009),Venezuela (2009)
S14598,1,Unknown,Unknown (2009),South Africa (2009)
S14599,1,Unknown,Unknown (2009),South Africa (2009)
S14600,1,Unknown,Unknown (2009),South Africa (2009)
386072498,1,Unknown,Unknown (2008),Australia (2008)
19485634,1,Unknown,Juvenile (2008),Mexico (2008)
486424177,1,Unknown,Unknown (2008),South Africa (2008)
373939398,1,Unknown,Unknown (2008),Australia (2008)
434252688,1,Unknown,Unknown (2008),Australia (2008)
232826020,1,Unknown,Unknown (2008),Mexico (2008)
405180731,1,Unknown,Unknown (2008),Australia (2008)
223464464,1,Unknown,Unknown (2008),Maldives (2008)
160145057,1,Unknown,Juvenile (2008),Venezuela (2008)
1780761,1,Unknown,Unknown (2007),New Zealand (2007)
133778025,1,Unknown,Unknown (2007),Mozambique (2007)
138682887,1,Unknown,Adult (2007),Honduras (2007)
221804260,1,Unknown,Unknown (2007),Maldives (2007)
187973957,1,Unknown,Unknown (2007),Malaysia (2007)
239600842,1,Unknown,Unknown (2007),Egypt (2007)
44860138,1,Unknown,Unknown (2007),Mexico (2007)
84106484,1,Unknown,Unknown (2007),Mexico (2007)
228333175,1,Unknown,Unknown (2007),Djibouti (2007)
228333177,1,Unknown,Unknown (2007),Djibouti (2007)
301692,1,Unknown,Adult (2007),Christmas Island (2007)
326908,1,Unknown,Adult (2007),Christmas Island (2007)
66816,1,Unknown,Adult (2007),Christmas Island (2007)
22886850,1,Female,Juvenile (2006),Thailand (2006)
59390109,1,Unknown,Unknown (2006),Australia (2006)
94677429,1,Unknown,Juvenile (2006),Mexico (2006)
206430436,1,Unknown,Unknown (2006),Mexico (2006)
308791869,1,Unknown,Unknown (2006),Honduras (2006)
519,1,Unknown,Unknown (2005),Mexico (2005)
563567375,1,Unknown,Unknown (2005),Australia (2005)
9530921,1,Unknown,Unknown (2005),United States (2005)
165905405,1,Female,Adult (2005),Ecuador (2005)
43233994,1,Unknown,Unknown (2005),Mexico (2005)
143759837,1,Unknown,Unknown (2005),Mexico (2005)
63587994,1,Unknown,Unknown (2004),Ecuador (2004)
209648936,1,Unknown,Unknown (2003),Fiji (2003)
137577885,1,Unknown,Unknown (2003),United States (2003)
149200686,1,Unknown,Unknown (2002),United States (2002)
129655663,1,Unknown,Unknown (2001),Ecuador (2001)
318789379,1,Unknown,Unknown (2000),Mexico (2000)
221274034,1,Unknown,Unknown (1995),Christmas Island (1995)
221274036,1,Unknown,Unknown (1995),Christmas Island (1995)
221274035,1,Unknown,Unknown (1995),Christmas Island (1995)
221274039,1,Unknown,Unknown (1995),Christmas Island (1995)
221274040,1,Unknown,Unknown (1995),Christmas Island (1995)
221274041,1,Female,Unknown (1995),Christmas Island (1995)
526312326,1,Unknown,Adult (1989),Mexico (1989)
45ed1569-fc21-11e2-ac3f-081965b14959,1,Unknown,Unknown (1974),South Africa (1974)
45ed1792-fc21-11e2-ac3f-081965b14959,1,Unknown,Unknown (1974),South Africa (1974)
4653f277-fc21-11e2-ac3f-081965b14959,1,Unknown,Unknown (1973),South Africa (1973)
160057021,1,Unknown,Unknown (1965),Australia (1965)
620234,1,Unknown,Unknown (1937),Mexico (1937)
619183,1,Unknown,Unknown (1936),Mexico (1936)
6170,1,Unknown,Unknown (Year Unknown),Mexico (Year Unknown)
36295,7,Unknown,Unknown (Year Unknown),Australia (Year Unknown)
57830,6,Male,"Subadult (Year Unknown), Unknown (Year Unknown)",Australia (Year Unknown)
161730,6,Female,"Subadult (Year Unknown), Unknown (Year Unknown)",Australia (Year Unknown)
36293,7,Male,"Adult (Year Unknown), Unknown (Year Unknown)",Australia (Year Unknown)
143669,5,Unknown,Unknown (Year Unknown),Australia (Year Unknown)
161727,3,Unknown,Unknown (Year Unknown),Australia (Year Unknown)
161729,4,Unknown,Unknown (Year Unknown),Australia (Year Unknown)
161734,5,Unknown,Unknown (Year Unknown),Australia (Year Unknown)
161735,6,Unknown,Unknown (Year Unknown),Australia (Year Unknown)
57822,1,Unknown,Unknown (Year Unknown),Australia (Year Unknown)
45ecfd99-fc21-11e2-ac3f-081965b14959,1,Unknown,Unknown (Year Unknown),Unknown
45ecffc5-fc21-11e2-ac3f-081965b14959,1,Unknown,Unknown (Year Unknown),Unknown
45ed01f1-fc21-11e2-ac3f-081965b14959,1,Unknown,Unknown (Year Unknown),Unknown
45ed0419-fc21-11e2-ac3f-081965b14959,1,Unknown,Unknown (Year Unknown),Unknown
45ed0645-fc21-11e2-ac3f-081965b14959,1,Unknown,Unknown (Year Unknown),Unknown
45ed0874-fc21-11e2-ac3f-081965b14959,1,Unknown,Unknown (Year Unknown),Unknown
45ed0a9d-fc21-11e2-ac3f-081965b14959,1,Unknown,Unknown (Year Unknown),Unknown
45ed0eed-fc21-11e2-ac3f-081965b14959,1,Unknown,Unknown (Year Unknown),Unknown
45ed1116-fc21-11e2-ac3f-081965b14959,1,Unknown,Unknown (Year Unknown),Unknown
45ed1343-fc21-11e2-ac3f-081965b14959,1,Unknown,Unknown (Year Unknown),Unknown
491b82ae-fc21-11e2-ac3f-081965b14959,1,Unknown,Unknown (Year Unknown),Unknown
43e5e8c1-fc21-11e2-ac3f-081965b14959,1,Unknown,Unknown (Year Unknown),Unknown
630316,1,Unknown,Unknown (Year Unknown),Unknown
3530208,1,Unknown,Unknown (Year Unknown),Unknown
50836a,4,Unknown,"Adult (Year Unknown), Unknown (Year Unknown)",Mexico (Year Unknown)
85227,1,Unknown,Adult (Year Unknown),Mexico (Year Unknown)
101366a,1,Unknown,Unknown (Year Unknown),Mexico (Year Unknown)
130663,1,Unknown,Unknown (Year Unknown),Mexico (Year Unknown)
130664,3,Male,Unknown (Year Unknown),Mexico (Year Unknown)
130665,1,Unknown,Unknown (Year Unknown),Mexico (Year Unknown)
130666,1,Unknown,Unknown (Year Unknown),Mexico (Year Unknown)
3127,1,Unknown,Unknown (Year Unknown),Mexico (Year Unknown)
4619,1,Unknown,Unknown (Year Unknown),Mexico (Year Unknown)
3,1,Unknown,Unknown (Year Unknown),Mexico (Year Unknown)
1561,1,Unknown,Unknown (Year Unknown),Mexico (Year Unknown)
5D0A9DAE-B748-4358-BF7D-37757BD13AD6,1,Unknown,Unknown (Year Unknown),Unknown
B68197D6-7BF5-4C53-BBBE-57CCFC786C9B,1,Unknown,Unknown (Year Unknown),Unknown
F1759933-3460-4B3E-B0AE-16F09A5944A4,1,Unknown,Unknown (Year Unknown),Unknown
